cl_opinion_id,x,y
110557,501.99,629.3
110551,700.55,633.4
799973,721.77,229.34
100010,583.12,380.7
90311,598.93,588.39
2784697,452.05,470.64
97023,527.98,470.48
145848,519.12,448.71
111549,658.61,431.77
111542,691.9,337.76
111541,629.95,389.44
111546,823.07,356.45
111544,429.82,595.11
107898,715.47,524.88
104272,500.6,478.63
2620886,523.02,463.44
97150,507.96,720.23
107701,671.27,580.7
112239,883.16,496.77
811779,288.44,524.8
108100,658.56,497.74
109855,657.75,487.99
109857,425.92,593.39
109859,469.52,511.7
109858,596.86,641.1
103701,686.35,559.5
111955,523.15,306.32
111957,742.33,285.91
111950,607.39,569.91
111959,773.78,464.35
111958,561.94,617.29
145770,730.68,272.96
145772,399.86,263.21
145773,734.91,206.43
145774,646.88,709.27
145776,610.22,616.78
145778,306.18,646.7
104710,774.14,374.05
109271,682.74,597.11
109270,765.69,496.17
109272,271.45,506.74
145818,587.92,716.57
217702,249.79,497.64
1087669,367.5,422.94
1087668,643.61,525.33
1087667,476.32,331.54
1087666,845.23,454.93
1087665,0.0,1060
1087664,328.5,366.54
108845,808.86,487.49
142896,629.41,600.86
118307,632.04,331.8
118303,677.94,704.65
118309,625.37,327.31
118308,493.56,236.74
145683,296.89,382.44
217512,647.12,502.96
145889,325.57,583.92
110518,663.74,367.51
110510,616.94,664.47
110516,527.54,573.28
110517,549.22,688.82
2784695,433.7,476.6
145792,333.28,357.08
106660,678.12,550.37
118214,718.22,450.41
112009,563.32,642.09
108316,548.72,454.99
218455,445.49,287.57
145695,823.86,219.69
103933,688.77,547.32
821432,425.23,422.56
821431,395.89,252.08
1728,542.54,482.66
1729,428.36,242.6
1726,386.81,328.27
1727,513.33,308.25
1724,369.38,631.24
1725,874.9,587.33
1722,417.87,355.66
1723,681.72,302.55
111009,314.92,422.34
111008,480.65,495.47
111003,649.36,649.49
111002,690.5,354.6
111000,711.59,349.68
111006,419.96,545.06
111004,640.98,346.19
110758,523.19,599.43
110759,295.55,250.12
110750,598.56,496.39
110751,437.05,428.83
110752,392.99,585.63
110754,767.74,375.76
110757,711.57,560.53
96668,448.27,579.08
112648,450.86,442.38
112641,463.27,551.4
112643,645.2,445.94
216734,195.77,394.5
216733,913.16,460.32
109428,573.94,362.47
109429,794.52,440.99
109420,383.49,450.06
109422,515.18,524.58
107038,782.42,391.0
92392,654.88,529.9
96033,578.03,608.97
105303,716.09,404.92
118284,402.11,335.11
106142,718.6,546.06
118289,776.85,483.57
2788983,565.59,621.22
2788982,477.3,345.49
931615,595.21,580.42
103017,613.75,566.19
103012,510.83,460.43
109746,552.59,626.55
101320,733.89,472.98
109576,296.31,637.34
109574,552.82,487.33
109572,898.35,462.86
109573,582.27,495.63
109570,604.06,535.82
145716,668.91,684.04
109571,297.95,478.42
145714,507.41,299.82
111630,648.11,345.7
111632,709.92,409.04
111634,339.44,307.47
111635,793.06,491.72
110273,588.29,441.55
110272,356.26,427.05
110271,381.41,545.75
110275,430.52,295.33
110274,395.3,289.3
105917,817.21,367.91
137740,473.01,363.67
137741,535.97,461.53
110782,480.09,471.26
107783,659.14,609.53
85668,674.57,378.27
109587,807.29,327.26
109586,379.48,565.58
109589,260.02,602.36
858086,632.27,422.74
858085,244.33,392.68
117858,404.93,426.92
117859,529.76,637.75
117852,435.23,519.82
117856,374.41,369.46
117854,757.62,254.63
117855,512.09,719.23
799980,727.97,213.47
799981,323.12,284.69
799982,492.38,773.96
799984,622.61,534.72
799985,609.24,261.24
799986,437.94,388.99
799987,202.83,621.43
3213873,374.2,572.62
3213872,379.01,267.73
3213871,506.84,175.18
621293,216.54,650.7
621294,494.39,308.22
103226,627.54,553.22
94074,535.28,588.67
100759,612.25,433.2
111954,636.25,470.74
111956,776.19,329.89
111953,691.66,444.81
145771,293.18,133.44
145775,676.45,38.86
145777,647.09,513.31
3211503,612.85,223.88
111469,367.47,613.89
111463,590.68,657.56
111462,259.4,448.7
111464,733.85,577.64
110593,821.8,467.31
110590,768.59,315.54
110594,744.61,357.67
110598,626.88,650.08
110599,591.02,544.92
110336,902.58,545.54
110335,378.09,570.7
110332,448.1,639.68
110333,614.9,517.64
110330,278.09,581.56
110331,611.77,304.63
110338,529.88,526.19
110339,697.94,521.05
104425,414.24,574.97
102861,497.35,666.3
110309,677.66,599.29
112379,398.31,356.62
112082,350.3,431.78
112083,295.61,308.05
112080,781.63,310.89
112081,467.98,673.93
112086,306.16,563.38
112087,734.31,659.59
112084,705.64,319.94
112085,748.68,298.69
112089,630.57,606.75
109958,667.23,692.36
798255,848.21,327.2
109954,598.72,647.92
109956,792.44,296.69
109957,384.77,590.65
109950,547.19,634.27
109952,598.42,617.59
111850,397.38,711.04
111856,591.54,533.85
111858,296.12,502.9
111859,296.75,586.33
2654756,701.69,291.22
2654754,420.0,450.85
2645639,962.41,289.25
856347,913.85,518.4
146790,713.35,324.81
89173,507.34,729.35
118022,639.45,376.29
118023,642.52,645.1
118021,579.71,344.01
118026,617.35,455.61
118027,622.12,603.07
118024,239.99,314.6
118029,295.53,356.09
2462772,416.68,372.13
121145,629.68,362.6
121147,403.36,373.31
121146,783.56,410.85
121149,388.28,356.05
121148,101.44,648.25
94174,601.26,658.98
90667,523.3,574.22
112684,366.82,549.21
104385,553.1,465.96
112680,315.57,281.73
112681,493.84,615.11
3217423,577.9,503.57
112683,546.0,684.53
105382,693.3,427.42
105525,624.61,451.18
3211502,525.59,500.03
112129,499.98,192.42
112128,482.15,162.68
112121,453.85,485.84
112123,767.64,407.25
112122,770.57,244.84
112125,711.84,312.79
112127,866.61,333.43
112126,547.51,307.17
2670795,932.4,558.93
2771752,453.58,234.78
2771753,341.69,548.49
620671,812.85,314.26
620673,583.29,692.0
620672,374.1,530.32
110141,606.55,434.32
110140,745.78,462.29
110143,701.08,407.53
110142,637.52,469.34
110145,707.13,464.33
110146,453.86,601.01
97675,430.73,657.15
145903,421.71,401.77
145902,396.18,505.71
145909,661.76,649.58
145908,377.53,475.88
109509,539.73,486.32
109508,463.93,603.62
109503,480.93,522.92
109506,745.26,296.42
109505,661.38,583.64
109504,846.05,499.82
112451,641.81,560.12
112450,589.39,513.71
112453,761.84,647.07
112452,870.51,361.77
112454,924.11,528.46
112457,573.29,337.83
112456,523.84,448.65
112459,784.95,473.03
112458,464.91,420.11
2773182,169.16,440.09
111379,336.92,477.61
111378,761.36,451.3
111370,595.41,606.77
111373,597.23,410.01
111372,640.37,496.14
111375,655.54,431.64
111377,372.03,534.8
111376,496.06,553.73
106883,748.17,384.3
106881,753.31,361.36
106884,645.59,547.47
92291,521.15,739.99
902770,490.13,552.09
110427,399.96,707.76
110423,582.5,614.18
110420,634.59,496.65
110960,672.1,526.46
110966,404.01,546.38
110965,542.76,529.12
110968,672.67,478.99
205713,400.6,259.9
205712,467.34,359.9
102991,727.31,563.7
112717,491.92,690.95
112714,294.71,275.34
112715,414.23,481.46
112710,358.13,352.38
112718,505.77,383.21
112719,585.07,483.6
812450,534.26,412.92
110649,659.93,453.14
110647,570.56,595.16
111175,689.57,622.05
111173,824.47,500.79
111172,826.64,456.23
111170,709.68,287.54
145662,649.78,486.48
145663,660.27,201.56
118188,556.14,339.01
118187,356.36,208.18
118181,467.9,344.34
93947,493.67,600.66
106451,708.22,401.03
109338,612.35,614.29
109330,660.57,166.72
109332,954.79,505.67
109335,548.69,371.37
109336,824.44,386.14
109337,334.86,270.16
2676592,614.75,105.79
2676593,534.93,424.72
145837,392.3,411.23
145836,451.08,107.63
145831,361.97,551.67
145830,304.86,436.7
618680,427.66,302.89
130161,605.71,195.71
130160,676.0,493.98
130162,659.83,632.95
110954,748.88,268.07
136989,259.63,389.64
136988,463.7,346.91
136985,394.09,594.51
136984,658.9,552.18
136987,440.93,494.45
136986,643.41,230.42
103301,733.22,412.79
127899,635.34,310.31
127898,765.23,247.51
127894,838.69,521.73
127897,679.07,373.88
96864,572.84,769.15
96868,546.95,722.15
112829,519.15,285.83
112824,528.38,663.8
112825,509.16,359.53
112826,455.89,277.72
112827,365.82,310.7
112820,465.34,652.07
1992717,862.72,152.42
111709,402.54,704.55
110325,853.04,434.18
110324,801.28,351.3
110327,465.52,360.92
110326,832.74,541.72
110320,374.92,417.37
110323,772.0,275.47
110322,508.17,467.72
118390,496.39,411.97
118391,857.26,533.41
117957,726.46,456.37
117955,470.76,488.62
117954,653.61,314.93
117953,368.84,287.24
117950,579.65,324.21
118394,384.73,306.53
117959,248.46,419.88
118397,681.62,456.52
110075,676.21,451.78
110077,467.01,464.43
110076,473.44,469.64
110073,360.46,683.87
110079,373.45,344.98
110078,402.79,441.92
118135,583.61,314.86
91985,554.9,737.21
104894,629.84,506.6
218177,462.26,259.06
131159,359.09,326.49
131158,932.74,395.43
131157,422.09,464.32
131156,491.27,297.6
131155,412.66,564.15
131154,854.11,565.82
131153,354.45,578.08
131152,150.53,495.52
131151,570.05,222.22
131150,882.73,403.04
110916,593.75,529.57
110915,613.06,442.85
815038,649.68,142.26
2678468,389.57,385.31
2678466,631.65,659.0
96230,650.54,545.26
103531,630.13,526.21
118278,782.54,338.69
118273,521.14,600.66
118272,526.03,530.29
118277,841.24,491.54
118274,575.12,326.01
1992692,10.0,1060
219512,460.81,245.52
97966,485.97,669.75
111514,710.7,253.0
111517,696.8,602.55
111510,558.86,509.71
111513,346.99,444.12
3170730,512.84,572.24
107730,726.65,467.19
107731,604.71,551.83
109820,566.43,411.82
109821,446.83,395.87
109823,522.35,606.59
109824,487.78,701.39
109825,766.99,332.39
109826,309.46,592.36
109827,373.69,525.09
112798,486.69,306.15
112799,297.12,593.99
112797,518.14,396.1
112795,780.51,485.88
112792,672.82,411.61
112790,664.52,13.48
108153,599.26,491.3
100287,609.63,641.59
101773,674.7,564.0
2670966,518.12,359.03
2670965,785.75,262.42
110130,572.87,548.94
110131,705.9,585.79
110132,726.0,474.68
110134,540.38,398.65
110135,463.7,508.85
110136,336.81,313.75
110137,538.85,609.27
108838,683.69,555.11
118459,509.57,601.87
118458,546.16,581.46
118453,556.57,125.5
118452,523.22,393.81
118451,315.18,658.01
118450,359.81,425.89
118457,319.15,426.32
118456,675.63,653.42
118455,697.57,634.05
118454,469.38,628.11
118250,855.92,499.71
801110,588.5,110.69
118338,502.15,849.82
118339,731.46,210.71
118336,20.0,1060
118337,465.19,313.77
118334,534.39,582.18
118335,659.52,617.41
118332,712.19,353.61
118333,786.59,409.42
118330,831.48,220.76
118331,433.26,295.98
855517,410.04,497.58
3160677,480.09,593.59
112559,437.76,376.88
112557,617.19,426.38
2959750,479.11,415.02
2810526,422.31,479.81
111235,667.46,305.94
111237,488.4,369.78
111238,373.89,338.71
111239,472.43,653.22
110547,419.72,507.84
110546,418.25,480.96
110548,628.51,553.2
2771751,558.84,137.99
820903,596.33,289.62
106658,679.34,588.68
106659,451.27,589.14
112051,448.26,586.2
112050,496.69,417.34
112052,493.52,316.84
108581,774.51,497.39
109679,697.76,518.67
109678,498.61,692.66
109671,354.77,376.12
109670,650.61,539.91
109673,316.65,564.82
109672,379.28,374.82
109675,824.73,482.55
109674,777.55,607.37
109677,578.97,313.54
109676,753.69,321.49
103962,588.62,546.97
1741,667.14,539.47
110784,542.35,537.4
111788,887.28,535.42
111789,389.2,553.98
111784,278.95,381.88
111785,709.26,350.47
111786,541.03,658.43
111780,757.36,728.02
111781,685.98,684.7
111782,641.9,628.01
111783,435.69,516.15
213503,30.0,1060
213505,727.32,384.24
112693,598.72,362.38
112696,441.74,510.55
112694,414.96,410.56
112699,659.94,476.56
145787,437.21,320.41
109477,285.57,633.49
109476,619.29,465.58
109475,719.04,463.33
109479,513.73,275.1
109478,400.38,677.42
110429,441.6,364.32
145788,239.43,537.33
110998,705.42,409.53
110999,671.64,556.45
110996,460.07,684.01
110997,329.25,551.31
110994,414.73,492.94
110992,693.72,627.59
110993,343.51,534.02
110990,338.47,511.75
110991,419.73,454.46
104029,633.51,485.07
85642,516.12,686.97
88079,558.16,660.57
112278,474.91,373.05
945737,622.44,494.94
2781926,528.06,698.01
3177201,348.23,581.51
3177200,700.03,346.99
112903,558.77,299.63
112902,703.02,506.6
112901,510.06,331.64
112900,649.42,394.25
112907,378.81,528.03
112906,618.72,343.22
112905,581.93,591.88
112904,649.65,319.17
1637175,507.16,152.68
2959738,596.87,156.16
2959731,428.31,384.56
2959736,876.85,389.36
2959737,707.92,275.65
2959734,626.08,345.92
2959735,332.83,446.65
111598,729.18,322.31
111597,660.27,627.8
111596,702.64,623.78
104943,734.58,422.63
110248,546.56,569.51
110246,609.45,550.5
110247,573.42,527.25
110245,540.21,469.78
3205736,405.78,307.84
112249,428.7,661.76
112245,369.33,641.69
112246,312.73,483.31
112240,744.51,579.82
112241,410.82,572.75
112242,503.99,783.31
91153,659.3,528.66
111924,676.76,550.24
111926,509.3,398.44
111927,859.64,545.68
111920,322.11,400.21
111921,720.19,312.81
111922,364.7,446.9
111923,736.04,609.9
111928,781.54,387.18
110753,533.94,433.87
109204,694.91,302.45
109205,413.73,510.81
109206,324.45,681.72
109207,657.01,505.5
109200,643.74,312.27
145729,572.66,215.52
145728,917.24,530.05
106515,812.41,443.33
106514,655.55,550.65
145701,486.4,526.75
145700,658.92,215.38
145702,604.37,467.31
145705,592.91,451.64
145707,713.63,533.3
145706,640.27,499.4
109239,561.95,805.74
109238,373.42,483.0
2657778,278.21,207.46
109235,580.45,579.56
145660,537.59,391.45
145661,236.1,489.08
145666,40.0,1060
145667,277.44,539.23
145664,588.88,301.36
145665,405.24,649.72
145734,745.48,273.72
145735,236.53,394.48
145739,497.08,676.0
110892,444.97,657.8
110890,833.86,504.57
110895,389.88,524.91
110894,633.56,648.49
110899,451.61,338.98
110898,294.64,612.12
111410,421.76,630.24
111412,308.73,604.24
111414,472.66,276.81
111415,532.74,404.74
111417,718.78,651.34
111418,684.52,332.56
1269289,539.79,433.21
1269282,509.92,267.7
145710,711.99,660.34
93280,489.63,486.22
137728,328.73,443.44
137729,776.41,609.81
137726,307.81,210.21
137727,765.87,214.86
137725,454.84,280.12
109907,332.35,538.97
109905,843.42,423.66
109904,489.89,376.87
109901,388.47,193.67
109900,530.89,745.88
109908,521.35,333.2
108360,673.03,593.05
145886,109.48,303.7
145887,768.51,475.49
145884,456.08,288.37
145885,511.67,287.88
145882,533.68,518.78
145883,654.94,283.03
145880,834.91,318.64
145881,457.05,323.26
145888,547.58,360.02
855660,357.11,486.2
625709,324.34,452.39
112640,664.75,345.51
112642,703.44,217.57
112644,555.14,421.97
112646,689.83,390.99
112647,714.31,543.56
110709,355.29,696.9
110708,427.63,561.95
110701,430.03,478.52
110707,436.51,498.01
110706,501.72,463.1
110705,614.15,337.85
110704,766.45,724.95
110034,481.58,569.23
118075,386.23,256.01
118071,658.35,463.71
118073,645.96,325.75
90039,624.49,468.99
112618,407.11,383.67
112611,480.22,719.56
112610,680.55,493.93
112617,417.23,244.75
112616,510.91,320.9
104605,854.18,467.95
102601,667.63,533.56
102605,612.06,507.17
102604,766.68,361.52
112151,598.99,220.62
112152,868.04,282.19
112157,790.24,303.01
112159,412.1,386.97
109736,627.47,194.26
109730,646.87,547.48
109731,709.96,322.99
109732,455.95,615.8
127918,748.47,667.67
127919,855.83,402.36
127914,606.14,670.03
127915,699.61,169.18
127916,608.01,427.99
127917,531.82,266.05
127910,720.67,509.28
127911,264.73,446.65
127912,453.78,569.5
127913,408.45,378.52
91869,522.69,718.39
218178,292.12,252.73
1682020,339.33,532.26
111669,537.17,505.91
111668,494.89,318.01
111662,653.32,383.86
111661,537.4,533.44
111660,770.76,279.21
111667,784.52,566.36
111666,836.48,539.71
111665,767.82,346.88
111664,672.31,208.78
110138,666.17,326.52
2803250,426.6,209.98
112423,507.28,521.53
112424,833.62,228.39
112425,459.85,635.99
112427,557.09,493.37
109532,711.49,329.61
109533,757.1,300.39
109530,589.27,475.64
109531,701.07,546.12
109536,678.5,281.44
109537,825.82,442.44
109534,738.68,292.66
109535,743.06,311.07
109539,800.84,443.06
109288,312.17,533.16
109289,872.3,318.95
109285,383.14,564.15
109286,473.37,481.17
109287,396.46,651.19
111301,791.69,484.48
111302,701.32,369.57
111303,736.24,348.86
111304,568.08,541.96
111305,898.77,460.36
111308,547.67,548.05
107252,750.84,386.32
107256,581.42,558.78
107875,736.7,384.07
117888,353.48,312.62
117884,352.09,371.61
117881,559.11,445.9
117880,451.39,536.31
117882,528.54,517.26
2674862,767.4,594.05
2674863,384.38,258.93
2621017,677.4,602.75
87748,473.39,693.52
3209687,380.64,289.5
3209686,411.51,158.7
3183081,50.0,1060
2657927,427.76,271.38
110933,732.85,386.46
3183082,485.15,0.0
3183080,708.32,190.77
110935,644.67,632.53
111148,803.02,521.89
111149,303.01,549.7
111146,814.57,502.07
111145,480.79,304.78
111143,833.45,466.69
111140,634.17,609.17
110938,536.66,516.28
110939,238.39,484.93
110819,666.76,623.0
110813,633.19,545.6
110811,474.74,464.64
110810,512.98,365.69
110814,635.75,625.17
137747,306.93,286.27
111498,389.81,721.78
111499,311.32,491.84
111490,653.59,589.1
111491,488.28,536.72
111492,530.03,473.39
111495,508.66,328.9
111496,555.01,606.85
110369,532.78,723.89
110368,250.81,405.34
118176,658.92,499.0
118177,375.23,380.72
110361,672.84,273.36
110360,568.61,430.06
110362,590.39,632.75
110365,514.84,419.72
110367,362.11,410.39
110366,388.18,478.13
107473,801.76,500.59
112329,674.95,588.0
112328,451.69,678.07
112323,406.29,334.85
112322,748.86,337.03
112321,387.58,400.38
112326,731.64,360.01
112325,732.4,302.4
112324,619.76,455.11
112587,476.58,458.52
112585,712.66,459.02
214467,619.56,640.0
102189,731.12,421.97
89476,431.91,474.63
109097,689.2,430.56
109091,647.0,518.82
100122,680.68,345.82
145808,571.25,278.56
145809,511.69,709.43
145806,463.25,432.77
145804,432.06,405.71
145805,404.2,454.69
145802,455.65,234.25
145803,409.42,127.21
145800,144.64,311.69
902267,361.91,627.06
902265,352.37,636.38
902264,673.3,167.38
118179,308.82,300.99
2646093,264.94,401.58
111288,888.24,341.51
1434992,755.35,647.28
149653,764.17,196.04
149006,315.04,329.65
149007,301.04,378.02
149005,483.34,478.91
149008,612.45,514.28
1087956,648.32,362.6
112877,505.25,409.82
112875,330.15,488.42
112874,711.04,626.76
112872,740.89,347.31
112871,331.98,247.04
112870,561.72,552.34
112879,648.38,436.31
117968,573.81,595.68
117966,669.51,609.73
117967,704.51,590.19
117964,789.94,482.82
117965,608.84,613.24
117962,573.28,389.74
117963,649.55,687.12
117960,660.25,632.14
117961,543.97,457.6
111759,514.86,442.94
111758,400.87,498.58
111756,538.44,497.33
111755,729.39,593.62
111754,767.62,585.65
111753,347.57,409.18
111751,388.63,466.99
111750,703.18,313.62
112679,553.93,422.2
111426,334.36,259.71
112678,862.3,323.08
111423,773.19,439.29
111429,595.72,596.1
104681,703.63,334.76
110942,486.79,482.11
109392,472.36,446.12
109390,607.69,614.96
3168777,641.07,185.86
3168776,609.41,274.98
131167,455.87,688.09
131164,497.03,316.08
131165,703.6,308.8
131162,424.45,363.77
131163,441.34,418.5
131160,881.84,320.03
131161,761.62,445.75
131168,547.33,276.01
182514,931.66,863.3
2803251,478.78,422.38
112589,420.3,372.06
206097,579.98,165.71
206098,640.96,427.83
112584,445.67,395.81
89311,644.09,691.45
3214776,808.48,418.8
118243,647.41,314.06
118240,656.76,571.32
118241,422.63,403.84
118244,394.61,340.25
118245,397.14,315.07
107965,677.37,534.11
179213,442.02,247.86
106837,660.27,529.38
3207860,719.24,176.83
142890,378.04,415.79
802972,60.0,1060
111380,795.37,480.44
111381,354.29,432.0
111382,822.52,485.65
111383,518.48,433.77
111385,573.76,691.49
110479,308.02,728.72
110478,663.41,483.95
110470,493.53,539.48
110473,699.77,283.27
110475,812.31,303.81
110474,815.86,343.61
110477,315.09,578.1
110476,793.22,583.27
142891,539.42,200.87
85160,532.98,483.57
104521,759.09,434.07
106017,663.77,412.31
112299,460.58,392.62
112298,690.73,288.12
112296,508.41,416.29
112295,694.48,498.56
112293,511.71,514.49
112292,460.99,525.29
112291,522.87,501.63
112748,481.64,400.58
112741,537.18,703.55
112740,471.95,738.53
112743,706.24,698.0
112742,403.43,509.91
112745,410.64,286.62
112744,483.82,558.11
112747,542.69,533.31
112746,766.48,283.87
111866,671.43,612.35
2671724,490.19,160.15
103855,632.69,429.47
111869,679.31,375.11
868383,806.68,175.91
868382,1000.0,463.47
868381,432.37,245.38
868384,410.37,482.53
944097,462.58,182.31
118462,434.09,599.38
118463,623.94,250.87
118460,612.04,310.12
118466,549.78,434.44
118467,329.97,466.45
118464,448.8,240.15
118465,373.39,317.32
118468,849.41,501.33
118469,279.17,427.14
2651115,445.87,283.61
2651114,268.49,141.4
110676,639.96,436.2
110675,427.25,707.13
110673,559.23,627.9
110671,390.6,511.58
97416,539.27,651.22
93562,592.48,638.33
815689,433.24,338.71
111882,506.27,512.94
111880,683.71,363.22
111887,524.9,625.01
111885,746.8,315.08
112505,644.69,178.62
112503,412.67,236.83
112508,308.49,534.44
111265,712.29,470.13
111264,448.02,452.43
111263,890.88,511.64
111262,759.15,442.12
107359,719.96,336.85
1087946,585.93,358.13
1087947,502.83,752.9
1087945,349.21,341.22
1087959,665.78,403.48
1087958,649.09,395.47
903971,562.61,204.96
620567,529.87,489.72
620566,508.74,295.1
106601,436.38,613.59
91054,687.96,438.06
109604,412.81,504.77
109605,499.02,617.24
109606,387.81,485.6
109607,287.12,461.23
3211501,738.41,354.4
903973,331.83,325.45
103950,559.82,437.43
2959751,530.31,397.4
111065,604.39,170.89
111064,352.74,441.19
111060,304.9,267.65
111063,767.31,497.55
111062,320.51,536.5
1748,279.79,688.7
1749,772.39,272.01
1744,376.63,367.42
1745,673.87,202.36
1746,875.07,427.09
1747,738.62,555.66
1740,519.77,321.12
1742,707.14,310.99
108713,655.42,504.16
108714,677.64,549.85
104842,724.07,585.1
1756,743.67,188.54
109448,451.67,374.4
109449,527.4,583.65
109446,338.59,664.48
109445,377.62,743.19
109442,819.12,404.88
109443,658.96,556.54
109190,452.37,550.89
109191,780.73,292.11
109193,456.32,707.77
109196,807.36,308.01
145929,228.73,611.29
145928,473.99,506.32
145925,460.62,510.48
145924,526.53,259.88
145927,70.0,1060
145926,588.75,315.37
145921,571.17,339.28
145920,783.04,193.24
145923,537.02,184.78
145922,806.82,488.17
2672208,609.08,550.13
2672209,479.84,473.87
145697,588.5,640.34
145696,311.5,744.69
145693,419.63,425.68
145692,479.73,216.58
145691,691.25,538.11
145690,717.2,307.85
1750,719.6,163.0
626055,783.39,288.98
626054,339.07,230.84
97378,552.76,718.01
2620698,678.09,364.18
2620699,863.49,389.55
2620697,399.82,461.65
103563,716.53,527.54
145873,752.77,392.78
2418062,80.0,1060
802791,499.17,361.07
802792,711.9,520.42
112930,452.07,393.2
112931,434.02,443.48
112934,420.1,355.39
109580,416.66,590.34
109585,433.29,656.36
213842,655.22,241.79
212969,389.19,287.38
111560,658.81,328.41
111561,731.83,600.98
111562,316.37,345.87
183477,764.22,345.32
2679203,538.44,257.58
2679202,377.43,256.23
2679205,90.0,1060
2679204,711.76,250.1
110215,546.3,679.0
110210,480.96,611.22
110213,538.22,366.87
110212,703.08,435.39
102963,523.76,707.76
873660,332.95,509.23
873668,870.27,222.55
873669,819.61,493.94
93804,412.47,692.48
3205768,626.38,329.48
3205767,508.88,735.44
112217,407.48,470.95
112215,618.97,245.11
112214,333.36,543.15
112213,455.66,719.82
112212,405.6,461.12
112210,702.44,305.26
112219,798.78,504.61
112218,706.89,494.53
109879,324.43,341.81
109878,342.25,370.38
109872,749.12,255.79
109871,648.23,625.97
109870,642.37,589.07
109877,532.03,426.68
109876,746.63,395.6
109874,839.28,498.87
111975,602.92,551.26
145718,200.57,576.46
145719,397.82,285.53
109259,527.21,605.42
109258,695.24,325.15
109257,646.16,586.05
109254,419.68,436.81
109253,632.09,513.27
109252,461.51,297.66
109251,675.33,664.29
109250,504.43,675.98
92767,515.07,643.05
100233,669.13,538.98
2452958,716.81,585.26
2144,633.07,492.54
803270,555.55,527.65
621270,569.37,729.84
103246,449.4,541.85
103243,689.71,590.71
118361,677.41,285.15
118360,467.51,262.04
118363,524.56,525.21
118362,378.38,431.6
118365,367.45,368.6
118364,474.07,304.97
118367,993.55,276.04
118366,226.5,486.11
118369,710.92,622.41
118368,491.09,424.21
220342,579.94,684.31
118393,562.97,119.52
111946,680.6,601.02
111947,852.93,301.04
111941,504.9,717.23
103716,501.65,591.56
111949,523.52,449.64
145746,389.04,540.45
145741,716.9,202.4
145742,768.9,230.18
110534,862.39,476.29
110536,609.28,676.47
110530,878.92,519.29
110532,730.78,589.78
118418,507.56,450.26
112398,668.46,603.46
112399,626.88,425.44
112390,742.96,270.23
112397,433.67,451.35
112394,399.27,357.64
112395,344.71,398.72
2641101,855.59,422.86
107480,637.97,517.1
107486,806.04,378.87
107488,743.66,350.27
109939,622.47,574.4
109936,797.92,236.02
109937,371.1,667.33
109934,477.63,392.55
109935,740.08,287.55
109932,584.57,460.96
109933,479.26,599.09
109930,565.35,514.26
109931,544.85,422.0
112024,725.45,250.1
112025,460.82,338.5
112026,451.66,602.9
112027,660.6,591.59
112022,339.12,348.78
109680,463.08,469.23
109681,772.4,582.38
109682,731.96,331.6
109683,768.68,544.18
109684,662.4,481.89
109685,303.27,556.7
109687,584.45,646.1
182991,758.04,243.9
182990,667.82,543.64
182992,723.61,222.27
799988,745.3,403.36
103481,572.91,555.22
103292,577.66,584.91
145675,421.93,734.6
145674,332.82,344.73
87885,618.84,668.07
110328,405.89,636.64
110765,702.72,519.22
122261,100.0,1060
122260,470.91,332.08
122263,257.11,591.99
122262,228.73,440.79
122265,568.46,269.65
122264,292.31,654.21
118501,720.4,613.6
118500,469.52,283.75
118503,728.03,562.41
118502,447.62,557.93
118505,541.19,287.5
118504,578.21,603.54
118507,673.89,385.87
118506,457.32,591.05
118509,790.35,205.01
110763,625.95,462.09
110730,376.53,558.79
110731,704.82,234.52
110736,385.47,530.42
110737,461.28,351.0
110734,539.23,637.69
110735,666.53,706.87
110089,845.11,262.67
110085,669.18,470.1
110086,510.37,484.15
110087,801.87,369.68
110080,666.24,236.67
149285,758.69,155.69
118080,489.7,722.93
118081,340.82,591.26
118082,440.82,367.24
118083,378.49,242.0
118088,601.3,244.26
118089,381.04,499.05
112622,810.34,333.27
112620,613.3,337.94
112621,319.4,309.22
112626,676.94,338.45
112627,620.05,604.36
112625,485.61,480.8
112628,412.64,437.63
112629,493.34,483.52
107014,757.12,436.46
3217227,494.12,361.27
3217228,523.49,328.16
106945,594.77,526.47
2644672,154.68,532.55
2644673,419.9,214.95
800859,463.51,322.9
800858,714.13,191.52
108985,596.83,503.34
93665,606.47,448.78
109769,478.64,335.26
109768,639.13,504.36
109767,675.31,324.85
109765,329.97,630.29
109763,399.1,570.02
109762,459.92,406.95
109761,620.51,298.85
109760,735.88,457.29
103694,691.42,409.12
134729,934.12,531.46
134728,342.35,533.95
134727,249.3,581.01
134726,335.55,648.04
134725,844.96,286.45
134724,770.88,372.67
134723,571.83,312.6
134722,267.68,380.69
111657,773.73,274.22
2656036,250.65,298.79
110299,525.82,665.09
110298,803.38,375.44
110295,439.91,685.97
110294,379.54,786.69
110297,478.49,789.71
110291,464.43,383.32
110290,503.35,710.82
110293,424.52,441.75
110292,624.37,578.28
96569,670.27,664.77
90740,444.48,716.0
1992989,110.0,1060
102474,496.99,560.5
2677566,368.3,388.45
2677565,400.24,655.91
118291,548.85,512.48
118299,667.07,522.04
118298,608.32,278.18
109569,621.37,642.58
109568,707.23,657.17
109565,440.36,480.55
109564,729.5,225.16
109561,630.78,378.47
109560,695.8,348.46
145913,262.62,391.82
145914,237.05,527.34
145790,450.71,633.17
145791,357.91,335.36
145796,567.05,191.82
145797,585.04,399.03
145794,342.02,287.89
145795,614.0,419.68
110974,525.72,375.61
1088051,874.82,647.27
117874,525.41,560.83
117875,748.4,235.16
117876,555.66,599.39
117870,686.53,644.26
117871,616.99,589.64
117873,622.59,248.61
117878,461.24,368.86
117879,510.25,511.95
2655499,310.36,324.16
3207859,794.62,98.38
3212516,362.21,299.33
2621048,506.5,387.02
3203658,619.18,54.59
3203659,409.85,209.52
821305,396.49,377.49
821306,571.99,543.32
91573,742.18,463.59
931614,576.12,593.83
111199,414.16,332.96
111198,698.89,445.32
111191,546.8,530.16
111190,445.18,438.37
111193,820.19,328.89
111194,620.06,408.73
111196,562.18,585.74
110822,365.46,494.01
110820,328.94,550.84
110821,773.32,497.54
110826,308.92,663.06
110827,432.7,679.88
110824,652.89,240.33
110825,420.17,389.44
110828,784.86,302.35
110829,726.0,420.29
111442,459.91,608.54
111441,631.01,428.1
111440,642.47,226.14
110311,658.3,598.87
110312,656.06,620.52
110313,738.16,269.62
110315,660.43,431.93
110316,175.09,500.57
110317,762.31,385.65
110318,480.34,285.66
110319,665.12,510.45
104442,623.19,549.93
118121,345.57,553.54
118120,454.36,573.53
112312,777.23,565.41
112310,607.78,353.05
112311,624.77,389.85
112316,698.28,330.9
112317,500.46,454.47
112314,426.94,321.12
112315,663.47,613.09
112318,377.54,450.99
112319,686.81,585.71
91704,605.41,516.96
111838,404.61,384.5
111839,518.81,648.68
111832,313.33,517.7
111831,704.12,474.72
111834,899.2,469.27
111835,804.16,465.63
131166,656.6,646.81
109067,409.33,534.42
2644560,430.95,674.46
111465,607.05,538.77
103362,525.74,564.49
625722,524.79,456.04
103369,394.74,433.33
118008,290.59,457.73
118005,636.84,400.0
118001,445.48,422.74
121169,741.55,424.5
121168,693.72,594.66
121167,956.5,434.82
121166,758.1,263.34
121165,638.94,310.71
121164,596.35,401.05
121163,568.57,578.61
121162,537.16,507.52
121161,420.72,489.34
121160,629.67,438.9
96885,715.26,477.92
112848,633.33,309.9
112846,313.32,598.34
112847,736.5,356.73
112844,422.12,367.88
112845,673.61,352.71
112840,411.46,345.19
112841,363.61,372.35
94653,531.17,629.77
148480,314.09,278.72
148483,571.34,277.47
118107,543.91,554.39
118106,662.92,272.81
118101,510.48,403.44
118100,738.73,487.78
118102,679.23,697.57
118109,723.14,291.15
3189406,120.0,1060
112103,643.44,590.67
112102,572.85,496.14
112100,835.07,346.21
112107,455.38,363.9
112106,645.21,209.79
112105,376.37,487.86
112104,306.24,472.09
112108,501.99,609.66
145626,684.75,484.61
145627,583.62,618.59
145624,778.46,317.34
145628,634.8,357.14
110972,275.02,566.1
182567,283.17,147.59
182568,307.81,392.1
134743,632.46,485.47
110169,616.5,509.03
110168,580.14,393.56
110162,668.94,364.15
110161,520.81,634.14
110166,478.41,601.67
110164,208.01,519.67
78783,366.83,398.05
112373,463.95,646.08
118219,455.1,324.02
112374,334.78,433.91
118217,526.57,520.12
112375,341.18,427.74
112376,413.16,427.78
145842,369.73,295.79
145843,576.93,322.54
112479,294.56,373.67
112478,684.45,478.65
112473,306.77,515.09
112472,671.39,557.06
112471,637.37,308.0
112470,719.22,570.87
112477,751.58,308.75
112475,869.5,412.88
106864,815.83,395.36
106862,748.34,431.78
111353,683.98,276.6
111357,275.38,479.64
111356,696.5,334.66
111355,834.86,315.22
111359,529.17,746.02
111358,355.38,475.35
101894,565.55,525.03
112401,361.69,575.02
112730,631.89,377.67
112731,672.35,399.2
112732,723.96,386.58
112733,617.93,449.74
112736,692.48,620.35
112737,476.59,375.65
112738,542.72,388.44
112739,535.94,640.63
3195445,538.53,749.59
2620710,635.58,507.64
103791,753.93,378.14
103794,425.8,508.01
111851,807.99,531.67
130157,288.03,464.49
98854,504.61,453.06
111111,331.59,508.16
111110,799.21,441.32
111113,667.66,616.58
111112,779.31,371.22
111115,488.93,644.95
111114,573.62,512.02
111117,630.81,615.13
111116,576.72,647.18
111119,409.3,667.57
111118,468.04,681.44
110644,704.63,676.1
110645,692.21,325.43
110643,432.65,677.39
110641,736.63,328.32
118439,276.31,306.6
118438,781.89,229.7
118435,450.4,472.92
118434,451.5,274.4
118437,783.71,551.14
118436,376.73,146.16
118431,416.1,714.62
118430,445.92,327.91
118433,278.47,553.49
118432,483.77,473.57
118247,380.39,320.61
802408,362.01,414.67
802400,265.52,569.74
102224,580.97,596.62
118392,222.42,375.16
118395,579.88,464.33
118396,431.41,500.91
118398,687.4,881.34
118399,728.64,172.8
622304,802.29,526.45
112536,450.02,477.0
112537,419.79,595.71
112534,503.74,565.03
137003,841.84,372.09
137002,842.11,391.52
137001,631.29,431.51
137000,554.73,352.64
137006,447.34,401.83
137005,634.58,611.93
137004,701.04,214.02
111256,632.3,577.79
111257,839.81,470.2
111254,728.92,483.44
111255,656.53,565.56
111252,667.16,484.35
111253,665.68,194.1
111250,716.08,314.43
111251,388.21,585.98
111258,577.81,554.77
111259,858.54,469.08
145851,409.89,311.17
145850,546.15,446.58
145853,764.42,350.29
145852,807.19,496.01
145855,343.78,381.32
145854,305.81,433.33
145857,445.55,389.69
145856,539.36,590.99
145859,673.48,231.35
145858,419.69,347.84
130143,359.33,579.7
130142,348.47,771.56
130141,248.01,416.89
130147,753.4,648.77
130146,348.5,376.79
130145,552.06,265.61
130144,524.98,838.54
130149,722.23,603.9
130148,390.35,68.38
2681318,656.77,558.69
2681317,614.71,557.0
1087982,797.97,104.3
1087983,130.0,1060
1087984,556.29,396.02
820904,400.12,531.5
108568,646.3,474.6
218926,801.64,457.35
218927,601.68,521.96
218924,521.15,308.8
218925,773.94,334.5
218921,568.77,150.53
85534,517.68,691.67
856345,327.2,230.45
111094,551.19,501.19
111095,756.04,216.05
111097,585.94,730.94
111091,387.0,409.04
111092,748.57,286.6
111093,543.94,353.91
111098,559.83,750.42
111099,606.22,290.5
2760668,817.18,432.64
2760669,551.7,249.73
117931,519.0,415.77
117930,257.79,444.03
117935,583.65,585.52
117934,626.85,239.86
117937,360.79,385.82
117936,902.83,476.26
117938,250.36,459.45
110059,681.23,507.89
110057,734.75,436.77
110056,530.67,559.32
110055,672.13,575.08
110053,462.84,573.99
105054,692.09,580.33
3171725,462.27,199.04
106085,347.51,506.34
109499,546.41,539.26
109498,532.85,694.06
109491,800.27,400.63
109490,586.92,574.44
109492,829.94,269.98
109495,710.48,684.01
109494,682.84,675.3
109496,741.6,640.42
110930,529.69,428.06
110932,418.91,429.53
110936,728.08,411.28
856791,805.23,212.55
3204919,743.21,318.68
3204917,459.3,295.69
2620807,435.19,568.28
899484,247.44,376.38
899483,629.23,250.71
103557,611.76,641.68
3170727,129.84,379.5
212830,620.92,128.76
148485,379.7,311.26
148484,504.87,277.27
111687,843.08,281.63
111686,444.78,487.76
111681,883.38,385.51
111683,465.32,711.9
111688,664.53,592.8
111539,790.87,246.98
111538,527.02,255.37
111537,613.47,230.75
111535,876.46,307.15
111533,614.32,363.6
110488,414.8,631.95
110489,416.28,601.97
110482,768.85,589.19
110484,382.29,470.21
110485,573.88,668.09
2672207,320.7,400.65
616869,752.3,224.36
97365,634.6,597.13
107715,748.27,310.4
107717,707.43,560.14
112226,561.68,223.29
112227,437.48,462.58
112224,556.22,654.54
112225,447.41,306.34
112222,546.49,176.31
112220,737.53,523.79
108135,667.72,582.75
184314,269.57,465.73
110768,678.29,568.25
111944,677.5,631.29
111945,519.92,392.72
111942,530.12,668.63
111948,656.43,447.69
145745,374.96,448.75
145744,632.46,440.76
145747,350.3,546.3
110766,644.08,515.0
145740,766.19,321.12
145743,548.17,284.53
145749,496.8,529.44
145748,248.11,324.88
110760,825.86,488.81
109266,515.15,507.45
109267,419.04,449.11
109264,551.42,307.81
109265,673.41,363.3
109262,398.49,695.06
109263,590.99,731.77
109260,388.38,468.39
109261,399.06,798.25
109269,518.08,643.9
1085234,140.0,1060
111902,246.74,502.38
111906,252.56,548.77
111907,385.22,422.45
111904,720.58,435.87
626453,150.0,1060
626454,805.34,570.29
1087691,606.71,511.06
108858,659.88,550.7
145640,842.03,527.98
85827,681.45,476.89
98958,406.39,603.21
625833,756.78,289.57
2771248,515.98,380.77
2771249,777.12,599.94
118318,528.93,531.77
118319,388.29,317.03
118310,370.11,588.6
118311,380.24,414.03
118316,548.89,527.36
118317,538.69,560.48
146981,608.6,315.11
145834,378.87,394.04
90001,565.59,629.19
110564,445.62,520.75
110563,470.72,664.79
110562,331.12,719.06
110561,636.83,610.31
110560,417.07,518.77
111718,326.17,406.85
183479,562.53,303.38
112078,652.36,317.04
112076,515.61,333.37
112075,394.62,631.26
112074,766.0,326.64
112071,353.31,389.34
2804672,760.9,87.15
2804673,288.67,404.72
2804676,321.69,209.7
2804677,490.91,435.66
2804674,613.58,405.54
2804675,428.13,322.96
109653,732.3,274.45
109652,653.48,438.08
109651,736.27,489.83
109650,424.28,526.53
109657,705.16,463.45
109659,855.24,351.08
109658,908.6,317.65
2797292,471.66,343.52
108302,737.7,381.69
2675749,590.95,413.74
2671723,431.31,231.61
110040,540.61,572.9
110041,359.69,577.92
110042,551.35,515.1
110044,555.32,518.73
110045,812.52,458.31
110046,272.71,268.26
2808293,380.81,217.62
111018,779.76,320.74
111019,785.04,270.2
111014,688.14,518.08
111017,716.1,305.6
111010,397.2,237.01
111011,362.3,668.29
111012,751.01,270.11
111013,792.34,471.31
110764,662.2,620.24
110767,667.55,621.91
110762,533.48,423.72
112671,720.28,498.64
112670,350.54,314.42
215806,745.69,163.5
2797290,663.76,563.89
112675,698.57,700.32
112674,399.11,642.35
112676,450.3,322.71
109413,352.34,696.34
109414,723.1,473.62
109416,747.8,288.74
109419,336.67,395.84
109418,543.46,659.1
145838,423.9,380.26
107025,667.14,521.04
97374,603.17,628.03
105312,546.31,472.89
137734,488.03,375.88
108404,575.45,509.97
931616,499.57,453.96
109756,282.73,403.14
109757,819.57,310.42
109755,599.46,474.65
109753,468.92,398.34
109751,826.55,474.27
620666,717.55,195.49
107684,786.47,311.36
206187,418.39,407.91
107685,686.65,399.21
815037,541.41,579.94
111609,610.64,591.86
111608,490.03,648.98
111605,454.09,559.0
111600,854.35,466.09
111603,733.92,338.56
107564,786.71,509.11
95840,475.43,291.46
110264,769.34,465.18
110267,857.28,371.59
110261,470.24,416.84
110268,686.31,496.99
110269,511.51,750.93
93850,253.41,611.75
89858,706.31,481.66
87010,607.86,451.31
109594,629.25,394.73
109595,543.66,761.96
109590,774.55,353.89
109592,688.44,514.34
109593,333.89,706.06
106548,663.64,373.86
183480,405.76,613.03
2758568,534.02,184.28
104716,820.76,451.37
98232,475.91,645.7
219617,553.26,345.72
219616,634.44,626.64
219618,366.27,410.14
2621077,616.28,525.84
2621075,662.98,682.51
2621074,600.54,802.77
811228,589.22,128.21
104374,646.84,556.79
103213,537.81,537.93
88116,645.1,693.46
625847,300.23,615.58
2621018,160.0,1060
145807,615.13,613.7
96937,531.02,577.11
145721,190.66,430.02
145727,352.89,372.99
110905,354.38,486.89
145801,691.89,601.52
145726,758.99,189.09
145725,411.65,302.81
145659,877.72,270.35
110878,425.19,579.06
110875,747.15,340.16
110874,645.03,610.34
110877,524.95,659.9
110876,412.19,397.06
110873,417.47,381.73
111471,719.08,321.59
107969,543.59,546.75
107962,552.6,552.19
145644,280.78,493.33
145645,428.73,358.62
149703,542.62,533.53
118116,462.3,639.28
118115,541.77,444.14
118112,689.12,322.13
118111,495.15,627.01
102879,709.56,445.27
145641,838.65,402.21
145642,444.61,493.94
145643,333.0,504.37
112348,663.22,580.38
112346,586.28,454.33
112341,477.07,537.4
107187,739.49,525.73
109961,691.86,317.84
109965,684.58,486.68
109964,502.31,406.69
109967,739.36,521.07
109966,600.43,435.83
109969,714.05,535.14
109968,182.5,595.04
108380,650.61,595.52
111865,789.76,336.07
111860,541.43,628.98
111863,672.67,300.71
111862,609.72,341.52
103981,806.79,346.73
109387,614.22,446.68
109386,328.47,565.15
109380,626.33,564.06
109383,474.42,650.21
109382,612.31,463.81
109388,761.29,545.57
100181,693.37,603.01
92702,473.58,555.27
931122,614.44,397.12
931123,742.95,162.79
931120,412.59,320.25
931121,453.44,381.36
931124,390.07,533.52
931125,529.53,533.99
1855418,719.86,528.92
104462,345.71,505.08
118143,350.21,398.84
118142,434.96,395.55
118147,655.58,556.69
148797,860.99,528.47
118057,613.2,629.07
118056,573.1,528.31
118055,386.5,544.5
118054,610.75,429.63
118059,688.04,538.08
118058,612.99,286.2
2620876,815.94,551.85
121156,699.16,203.01
121157,413.41,508.26
121154,648.44,109.34
121155,614.93,230.31
121152,448.33,399.03
121153,901.15,479.05
121150,350.71,469.09
121151,709.52,658.96
121158,702.47,276.55
121159,308.29,535.37
112899,646.07,684.99
112898,798.65,283.48
112890,651.1,439.25
112893,414.24,571.97
112892,424.47,409.11
112894,690.8,451.03
112897,729.63,266.98
112896,632.26,544.73
92306,550.67,682.98
104668,736.04,562.38
106285,734.85,434.91
105537,679.04,429.42
105533,623.52,523.45
112138,674.79,621.27
112139,568.92,501.07
112132,535.04,474.62
112130,429.77,591.32
112137,539.64,341.07
112134,697.97,617.94
112135,481.84,545.31
107663,712.53,513.9
108485,626.43,615.45
108489,645.54,526.51
93465,688.31,634.33
2649290,471.62,176.47
2680440,522.49,271.29
110156,478.49,601.87
110157,168.57,524.44
110154,436.66,493.69
110155,414.35,310.18
110159,413.48,341.62
88605,541.49,772.08
118105,389.11,727.73
104786,638.07,423.46
118103,942.85,511.89
109518,305.5,599.25
109519,583.17,434.91
109514,586.77,660.27
109515,594.28,560.55
109517,625.47,589.97
109510,693.38,414.56
109511,783.72,552.3
109513,476.85,454.49
112381,726.51,425.32
112440,594.98,279.53
112446,363.31,583.17
112444,544.09,579.24
112380,486.52,191.78
112448,884.16,520.3
112449,468.58,235.88
112383,767.41,253.49
112382,669.91,487.07
112385,825.0,329.64
112387,698.99,355.84
112386,710.61,309.12
1992638,497.51,161.98
111369,507.97,656.96
111362,420.03,540.52
111361,317.33,364.06
111366,376.96,411.99
111364,813.87,400.52
110961,568.09,385.64
109896,534.76,712.38
109891,671.93,243.99
109898,383.2,721.02
103835,487.4,538.34
103831,693.35,595.34
103833,682.07,487.35
103832,699.99,611.25
902772,294.86,580.05
111160,687.71,520.66
111161,624.02,615.31
111163,450.89,172.44
111164,658.29,507.49
111166,612.48,403.31
111167,534.8,584.93
137742,827.41,482.55
137743,517.25,101.28
137744,721.97,475.97
137745,731.61,211.19
137746,702.54,196.23
1087950,657.06,546.01
1087952,487.44,319.78
1087955,585.51,362.88
1087954,507.46,349.86
1087957,367.7,363.88
110340,461.22,507.4
105746,647.71,539.89
107451,439.41,499.88
620568,252.82,353.54
104906,654.05,490.42
109696,614.21,592.12
109694,625.93,184.22
109693,818.44,291.0
815320,254.06,302.77
109309,749.69,334.22
109308,541.81,512.38
109304,773.99,408.73
109307,376.81,567.15
109306,350.12,689.59
109301,557.52,527.52
109300,444.99,379.41
109303,669.0,447.77
109302,775.85,451.02
145828,568.6,141.89
145821,326.19,400.94
145822,475.87,409.42
145824,709.59,602.73
145825,546.52,26.84
145826,597.0,115.91
145827,414.85,404.06
801975,707.05,151.3
801976,540.76,597.16
104200,596.38,554.5
105222,592.59,490.01
105221,628.24,506.39
110265,417.17,396.84
110266,301.8,543.57
108530,677.71,548.3
136998,712.31,262.67
136999,587.63,230.47
136996,664.61,286.38
136997,553.46,401.58
136994,764.35,278.63
136995,600.92,323.07
136992,648.1,164.79
136993,440.33,310.13
136990,848.83,457.3
136991,238.84,526.53
103311,594.08,356.43
112810,727.24,282.63
112818,537.83,659.04
3195092,670.12,268.19
2959749,582.6,571.54
2959748,277.54,407.92
117941,365.08,368.63
117943,492.21,331.0
117944,581.52,442.59
117947,596.17,482.98
142898,548.07,331.55
142899,540.38,315.79
2783887,523.05,292.04
110066,639.15,569.81
110067,621.36,391.4
110065,777.58,320.06
110062,402.68,595.69
110063,485.19,684.52
110060,633.05,350.63
110061,796.68,418.42
110068,472.31,680.12
104373,693.5,573.2
96006,520.94,620.67
97356,544.55,429.82
107553,634.02,572.59
3191119,639.32,694.87
3191118,475.37,202.88
3191117,780.43,230.64
146984,513.66,329.44
146985,389.45,305.53
146982,722.72,250.5
146983,345.41,314.07
146980,676.8,345.37
145679,470.3,375.13
109179,575.91,685.77
131143,759.94,166.37
131144,688.99,245.54
131146,935.75,441.76
131147,432.06,282.04
131149,625.58,565.49
618679,990.3,333.31
94597,559.39,753.97
86480,506.29,676.61
219509,580.43,424.0
219508,379.65,358.96
96335,599.57,780.0
110426,807.16,345.98
215071,460.97,568.35
215077,516.29,510.42
110424,459.87,353.44
110425,781.64,437.95
118264,534.58,385.38
118260,390.94,562.99
118261,320.11,471.19
118263,555.44,462.52
110428,533.05,270.8
106546,685.1,400.14
106544,704.33,350.32
106545,704.32,383.25
2678134,315.14,220.4
2678135,268.34,405.67
2678133,274.48,523.49
111506,657.73,642.46
111507,621.31,537.28
111504,602.15,471.56
111505,699.79,655.79
111503,491.85,501.78
111500,552.68,433.97
111501,530.22,566.9
111508,447.91,393.95
111509,792.16,466.95
110459,474.58,470.36
110458,488.36,487.69
145833,235.61,431.38
104504,823.33,468.45
3170729,170.0,1060
3170728,816.0,394.08
107748,526.8,499.93
2812209,703.05,514.55
109819,729.49,305.18
109818,495.34,545.89
109815,605.67,433.92
109814,702.44,453.88
109817,618.47,609.0
109816,799.45,469.26
109811,428.94,608.97
109810,507.35,599.13
109812,383.86,653.45
112763,598.77,660.68
112767,714.22,634.47
112766,417.92,560.06
112764,702.3,407.43
112768,513.14,538.65
106598,684.3,315.59
101741,708.31,504.43
97899,481.41,694.29
110308,520.32,708.92
112784,482.59,575.34
108800,761.52,414.59
118449,756.33,444.05
118444,553.32,469.35
118445,451.2,195.08
118446,733.17,622.26
118440,296.35,402.11
118441,245.18,447.06
118442,291.26,441.56
118443,864.93,525.14
801109,263.97,422.37
97437,594.74,409.5
90041,613.07,471.21
148799,343.27,324.32
148798,642.24,495.89
148795,549.86,288.88
148796,356.84,273.32
112561,348.63,439.92
112560,446.8,545.65
112563,470.22,444.77
112562,388.2,399.54
112565,390.95,440.43
112564,537.63,400.6
112567,378.19,450.73
112566,710.56,322.7
111209,462.17,535.98
111208,757.89,272.99
1268548,572.15,333.63
111201,237.79,631.62
111200,380.75,562.82
111203,454.62,204.39
111202,392.8,457.5
111205,309.13,603.7
111204,798.71,393.15
111207,660.55,237.97
111206,851.09,327.74
110554,526.21,547.33
110555,399.54,454.06
110552,358.02,659.16
110553,602.71,403.76
110550,349.49,430.26
110558,847.22,485.8
110559,855.2,455.9
145758,572.46,380.45
112044,514.0,432.14
112045,558.31,332.85
112042,553.26,488.41
112040,475.2,581.81
112041,319.1,427.72
112049,822.83,156.08
109668,585.34,421.29
109669,543.92,569.66
109662,414.19,614.37
109663,725.67,578.61
109661,625.31,581.16
109666,521.21,465.66
109667,625.43,643.13
109665,452.21,441.27
103979,401.33,549.92
96424,758.04,402.31
180037,568.44,275.74
111742,528.59,562.33
111743,350.71,366.05
111744,712.89,629.58
111746,476.9,370.51
111747,503.65,430.75
111043,456.92,411.28
111042,437.92,738.72
111049,274.21,525.86
111048,745.27,261.59
110794,677.06,539.89
110795,717.82,309.72
110796,387.88,669.77
110797,723.77,274.15
110790,597.39,551.97
110791,495.62,687.3
110792,496.92,511.72
110793,575.47,527.21
110798,628.96,566.12
110799,497.31,700.32
3216387,180.0,1060
3216388,512.3,190.54
3199502,452.63,251.21
99713,590.37,500.66
109468,293.93,543.35
109469,558.78,476.61
109461,330.83,451.55
109462,554.85,533.63
109463,572.15,480.52
109464,602.41,536.33
109465,317.37,653.29
109466,390.44,478.44
109467,433.82,590.74
89675,740.05,539.82
145907,465.73,326.55
145906,389.31,626.46
145905,691.02,648.44
145904,606.31,594.17
145901,532.27,635.65
145900,319.22,451.98
2621076,479.48,310.43
110962,411.41,637.54
110969,614.83,459.11
100934,612.4,614.22
104034,385.65,442.78
104038,487.51,515.73
2672535,778.59,406.85
801500,747.47,536.97
626447,718.91,371.76
91064,637.88,454.08
112919,452.81,318.98
112914,681.41,393.71
112915,327.68,508.88
112911,499.8,307.84
112912,545.05,426.57
110185,305.69,435.42
110187,342.15,505.05
110186,485.03,356.02
110181,264.64,355.65
110183,583.72,532.88
110189,724.35,662.42
110188,712.35,624.06
110237,624.34,350.91
110236,596.8,454.79
110235,809.12,471.17
110234,833.11,324.28
110233,374.47,545.72
110232,691.88,561.42
110231,671.1,482.9
110230,861.57,417.92
109199,678.09,435.48
112271,687.42,666.87
112270,454.73,411.5
112273,427.55,396.01
112272,299.38,408.73
112275,537.9,413.58
112277,665.61,352.02
109194,360.45,642.64
112490,485.33,480.41
103740,490.52,657.28
111919,663.49,570.81
111918,318.75,419.0
111911,308.26,491.27
111910,308.37,399.22
111913,803.43,434.76
111912,565.58,596.82
111915,345.2,551.31
111914,635.83,421.58
111917,629.53,249.02
109237,727.27,458.27
109236,544.76,628.48
145736,289.55,434.83
145737,439.49,72.45
145730,471.09,470.35
145731,471.16,584.19
145732,655.67,753.59
145733,373.15,538.65
145694,752.36,245.47
145699,327.21,267.75
145698,390.26,414.48
110941,746.16,355.52
110940,280.97,273.95
110943,477.41,517.84
110945,434.62,429.58
110944,348.01,484.45
626206,583.81,243.07
626207,596.59,361.69
626208,467.84,340.13
626209,570.63,521.56
2679558,239.66,173.17
3195892,509.62,495.74
3195890,594.34,198.14
3195891,631.55,695.53
103260,366.32,448.29
118349,181.11,316.18
118348,448.55,366.94
118343,440.88,151.04
118342,461.82,507.66
118341,371.76,276.53
118340,508.33,590.52
118347,377.84,435.05
118346,380.85,511.09
858289,279.31,485.47
858288,886.63,453.14
205315,309.38,592.99
219097,651.93,441.0
2789927,806.14,198.11
89446,581.0,562.3
91413,482.4,737.32
111280,868.63,475.56
111285,595.09,239.45
111286,675.72,215.26
111289,614.69,152.21
110885,579.96,468.72
110880,520.74,728.06
110881,539.88,535.41
110882,868.57,515.72
110883,329.34,443.92
92142,394.58,670.37
110889,560.17,486.49
111425,493.26,293.95
111424,894.7,323.52
111420,317.0,483.67
802399,286.96,518.5
2771250,667.48,98.64
854177,297.64,486.34
104790,656.33,549.28
102795,449.25,514.8
109918,453.22,331.88
109919,556.02,428.14
109910,358.93,587.75
109911,563.84,755.9
109912,612.54,701.23
109914,247.54,237.77
109916,484.53,685.23
109917,382.25,698.04
137750,405.51,428.8
145910,587.03,112.35
109009,592.25,479.24
855656,404.67,456.92
122243,694.1,196.18
122242,245.83,420.56
122241,641.85,167.31
122240,190.0,1060
122247,131.21,192.69
122246,414.37,574.78
122245,251.14,307.6
122244,471.74,224.71
122249,659.4,290.22
122248,264.91,403.58
111470,327.14,510.41
111477,859.11,546.58
110718,486.27,569.11
110719,816.02,484.13
110714,764.37,332.65
110715,505.74,488.55
110711,741.85,192.9
110712,381.94,621.86
110713,346.16,676.89
107197,665.24,530.25
145650,346.63,666.68
145657,200.29,404.12
118069,549.83,311.55
118066,751.66,433.65
118062,470.95,551.11
118061,657.07,586.11
145654,871.03,494.79
112608,762.6,476.7
112605,528.95,348.47
112606,684.08,456.16
112607,710.46,608.76
112600,492.39,213.44
112601,628.09,436.71
112603,745.93,242.84
86317,366.95,651.71
106967,724.81,554.34
146986,378.38,619.04
92059,580.04,518.38
104914,657.89,494.62
3212515,348.15,270.9
3212514,512.95,496.93
108961,384.82,449.79
99461,707.18,576.16
106107,772.21,471.0
112167,496.74,756.6
112161,513.78,189.07
112163,382.5,454.41
112162,681.02,589.67
112169,586.12,685.04
112168,789.59,374.5
106366,562.58,553.49
103050,735.0,351.1
109708,616.4,515.77
109701,677.56,347.89
109700,258.82,451.7
109703,532.58,653.43
109702,306.24,348.61
109705,620.69,370.91
109704,392.07,375.83
109707,372.74,510.91
127921,421.18,544.04
127920,722.59,172.28
127923,424.94,607.17
127922,283.18,802.85
127925,51.78,386.58
127924,880.56,618.2
127927,747.1,425.07
127926,501.34,514.32
127929,205.06,498.77
127928,482.92,487.01
3187538,202.69,629.06
145893,200.0,1060
142894,575.73,617.3
134749,485.86,389.7
134748,763.31,268.84
134741,503.75,551.48
134740,733.46,129.5
134742,284.25,224.09
134745,568.04,429.12
134744,520.9,324.43
134747,693.96,258.15
134746,787.42,478.05
111678,519.66,451.61
111679,708.93,701.35
111674,465.31,460.04
111675,326.6,455.4
111677,359.67,622.12
111672,387.15,619.57
111673,525.46,597.69
110109,697.99,283.22
110108,572.49,257.31
110105,584.97,553.74
110104,399.95,427.55
110106,328.9,544.07
110101,424.33,490.57
110100,850.94,516.56
110103,491.42,479.41
110102,374.77,603.81
149289,368.1,400.01
112418,630.64,452.29
112414,507.76,497.28
112417,696.52,480.86
112416,869.67,543.29
112412,941.77,526.53
91122,503.9,376.94
3171726,506.98,214.83
3171723,480.88,208.91
3171728,210.0,1060
109546,774.45,351.1
109542,488.41,608.71
109541,839.98,510.92
109540,704.35,421.67
145835,775.96,721.66
111990,618.83,557.72
798626,385.65,382.02
145832,660.39,380.38
107182,573.71,577.95
866024,515.88,253.78
866022,569.0,688.94
866023,795.88,581.06
145118,951.08,194.89
145119,495.43,255.53
117898,680.95,602.18
117897,609.39,268.51
117894,358.96,403.37
117895,597.37,467.43
117892,367.51,480.16
117893,645.42,303.74
117890,320.27,550.57
117891,283.52,426.13
86696,526.58,644.74
1855348,663.78,645.72
87779,695.53,462.97
100711,846.23,453.05
3187210,220.0,1060
110809,808.96,328.85
110800,865.33,340.39
109385,429.08,676.78
109384,483.66,752.12
145849,360.35,529.59
118499,663.7,685.45
118498,583.91,621.85
118497,369.64,484.01
118496,682.01,593.36
118495,696.83,48.27
118494,230.0,1060
118493,366.55,448.15
118492,734.18,316.62
118491,390.32,530.61
118490,507.03,351.35
110378,298.92,388.08
110379,448.04,419.75
110372,805.87,306.2
110373,510.04,316.27
110370,536.45,680.42
110371,844.0,334.45
110377,893.56,504.56
110374,629.81,333.2
118149,484.64,521.86
118148,525.25,536.24
118140,618.91,557.45
118144,669.46,464.88
118146,548.53,572.79
107465,795.1,469.62
112339,528.48,625.25
112330,630.24,500.84
112331,729.79,598.85
112593,581.31,521.41
112594,694.59,511.7
112596,636.79,434.46
111819,406.13,276.53
98542,612.99,553.84
104108,767.83,445.05
85715,471.65,618.11
103347,691.8,556.94
2789928,856.49,619.12
2649075,344.7,241.39
90040,631.11,445.2
90042,640.39,460.3
112868,637.46,284.02
112869,397.17,409.67
112860,405.97,305.77
112862,272.65,336.61
112864,376.73,591.94
112865,449.3,427.82
112866,427.61,352.77
112867,289.51,426.04
1087737,578.64,396.0
856346,502.45,492.41
117990,381.44,280.44
117997,510.34,695.12
117996,590.56,353.34
117994,396.42,324.91
108606,704.6,423.57
111741,685.4,335.9
111745,706.26,348.99
111748,383.47,431.18
111749,428.28,211.37
3216391,866.26,474.44
3216390,240.0,1060
801501,660.35,724.06
104695,524.09,384.69
102032,529.37,578.93
108781,588.75,528.89
108786,473.99,416.1
103632,713.57,568.05
109127,601.1,572.49
109128,609.94,523.62
101097,679.69,549.12
109559,530.19,634.65
146560,250.0,1060
2649076,544.47,626.81
96276,612.54,552.24
89309,645.26,467.34
2808294,473.17,478.96
2808291,453.08,317.55
118236,440.31,432.17
118235,818.99,401.26
118234,695.94,384.02
118233,386.14,227.74
118232,451.57,426.94
118230,545.52,369.04
118239,520.51,562.22
118238,514.54,513.38
145782,458.6,653.17
106845,419.62,465.85
145448,519.61,444.47
145449,704.43,188.19
110468,399.62,530.56
110463,813.2,369.32
110460,416.13,457.01
110466,455.74,460.89
110467,413.65,554.08
110464,830.45,455.27
95281,623.86,674.74
809122,519.02,529.77
106022,807.03,513.85
112280,607.03,383.08
112281,423.86,256.99
112282,443.78,403.16
112752,567.53,484.89
112754,260.35,349.84
112755,568.11,686.67
91234,620.81,512.11
111979,723.72,585.4
111978,722.0,274.22
111977,635.84,443.55
111976,734.31,326.24
111974,331.31,490.91
111970,427.08,462.81
145712,870.94,529.8
145713,375.89,318.57
145711,333.15,554.98
145717,300.04,461.79
145715,338.92,514.5
111139,428.65,655.14
118417,786.39,298.69
118416,348.05,609.98
118415,360.5,433.23
118414,840.27,489.16
118413,604.6,156.53
118412,730.68,142.04
118411,172.36,387.5
118410,441.98,434.16
110660,701.31,592.99
110661,639.0,538.76
110663,232.35,379.76
110664,279.65,644.93
110665,477.71,584.9
118419,342.05,419.27
110667,745.76,319.18
2358,464.2,311.64
2359,214.47,516.38
104952,552.16,316.0
112517,589.98,366.35
111891,667.42,454.7
111892,617.0,209.27
111893,638.43,414.6
145879,472.18,202.59
145878,346.93,325.17
145872,448.96,484.87
145871,418.18,214.61
145870,674.0,173.5
145877,498.51,331.61
145876,424.77,287.32
145875,565.76,441.56
145874,433.28,427.37
107980,667.24,368.85
110917,704.7,573.55
1087963,346.69,308.13
102726,507.85,463.64
102728,733.08,534.18
142889,434.03,329.08
142883,399.23,407.24
142882,409.83,696.13
142881,456.05,402.91
142887,308.79,263.92
142886,549.34,201.87
109635,684.04,449.99
109634,376.1,632.25
109631,681.65,287.23
109630,494.94,838.81
109632,325.8,664.27
142884,598.44,215.86
109638,690.25,551.36
86024,569.61,644.22
117958,608.71,316.68
110074,463.49,724.22
110072,439.22,479.75
110507,662.7,635.49
112666,282.66,347.71
117919,371.95,270.29
117918,367.48,649.6
117911,358.1,445.15
117916,558.1,418.11
117914,495.14,746.84
110039,174.99,386.47
110031,537.83,508.72
110032,666.74,341.43
98302,673.64,681.38
2809765,488.4,171.09
2809764,881.26,271.8
2809763,674.52,644.85
2809762,723.16,672.62
105074,673.41,355.65
104856,408.43,475.4
107082,672.79,502.99
3207861,308.7,552.49
145651,436.7,249.59
145930,260.0,1060
145688,501.46,450.52
145689,519.32,279.37
110958,429.16,289.39
110959,764.99,463.72
110950,596.52,754.77
110951,398.38,307.03
110956,406.43,433.42
145738,654.24,427.71
104061,666.72,589.49
217703,783.31,465.68
86188,472.04,419.75
147529,785.44,339.78
899494,465.79,681.84
728300,418.0,282.33
97928,560.57,458.39
814955,198.13,786.54
111558,749.45,311.11
111552,637.62,393.49
111555,688.03,442.65
111557,317.07,364.45
111556,654.24,467.19
102952,520.95,468.05
106282,656.92,508.3
105608,675.6,509.65
102372,718.2,353.18
112208,390.54,480.13
112209,636.94,423.48
112201,815.19,124.29
112202,660.22,440.08
112203,655.11,645.06
112204,376.47,364.18
112205,690.31,361.94
112206,692.32,352.06
112207,641.56,247.8
108111,666.7,365.16
108115,586.54,506.87
109868,570.63,675.97
109865,819.31,558.63
109866,841.27,537.19
109867,479.36,187.4
109860,890.48,532.57
109861,714.72,514.36
109862,402.1,658.5
103770,397.81,529.3
111962,726.6,217.71
111964,419.94,314.11
111967,529.74,557.1
145769,337.6,239.88
145768,615.41,307.41
145767,530.72,565.67
145766,682.14,189.95
145765,322.95,344.36
145764,570.28,280.97
145763,529.35,223.84
145762,483.11,382.23
145761,629.7,288.25
145760,376.56,688.29
109240,633.73,635.03
109241,486.73,598.65
109242,439.66,782.68
109246,437.2,358.2
109248,837.71,473.18
110668,880.61,347.62
2528498,541.96,325.95
110662,639.56,340.34
110666,841.53,271.8
96594,366.72,627.57
1087670,362.53,349.58
145678,340.39,425.83
118372,355.66,465.7
118373,493.86,227.22
118370,448.09,398.42
118371,411.01,555.51
118376,511.48,260.38
118377,696.59,624.14
118374,759.37,216.76
118375,324.27,434.88
118378,491.68,463.44
118379,412.03,599.04
90287,542.92,692.33
218665,428.09,522.0
110914,773.2,322.01
145648,682.06,217.81
145649,270.0,1060
110918,663.03,577.83
110919,459.63,607.29
107901,636.77,572.48
2801435,777.53,454.72
2801434,563.49,189.44
2801433,583.28,686.93
2801432,304.83,85.32
2801431,276.38,619.3
98094,777.46,482.08
2801430,177.74,740.53
112019,311.3,443.22
112011,721.03,639.08
112014,601.25,554.72
112017,683.98,446.13
112016,473.38,319.21
800567,498.47,415.7
800569,249.89,380.25
800568,362.28,344.71
2357,474.26,372.2
100694,646.82,532.97
3214777,512.19,453.18
3214779,292.85,471.53
3214778,388.61,361.24
205203,467.53,408.81
205202,373.13,538.41
216806,448.55,219.62
1739,280.0,1060
1738,561.09,221.45
1731,423.7,302.66
1730,487.11,227.3
1733,765.48,747.59
1732,525.49,275.76
1735,373.71,426.67
1734,827.76,370.17
1737,605.95,221.03
1736,848.78,453.84
118512,301.21,245.02
118513,260.14,402.07
118510,390.13,249.8
118511,463.59,459.35
118514,241.59,415.57
110307,647.46,227.4
110305,475.76,282.69
110304,424.57,609.73
110303,837.58,413.61
110302,789.36,334.68
110301,330.01,375.69
110300,816.25,404.11
110747,477.99,646.98
110746,670.61,412.65
110745,665.84,482.75
110743,613.25,537.06
110742,578.46,559.8
110740,440.91,325.12
110749,504.85,618.5
110748,689.73,219.46
112510,420.18,393.09
112511,392.54,333.19
112512,284.73,527.36
112513,840.53,322.38
112515,681.85,96.62
112516,370.87,349.21
623241,386.6,672.45
623240,331.85,518.09
623242,801.48,545.18
99296,743.98,537.91
99745,779.56,428.4
2641235,656.9,261.67
1991818,322.82,288.95
112657,620.3,456.31
109439,679.41,378.07
109433,809.14,576.56
109432,739.44,424.72
109431,454.78,610.67
109430,878.68,401.34
145829,301.31,545.15
142876,394.68,346.55
142877,613.92,282.64
104455,702.66,474.06
108421,489.14,395.8
3214780,400.88,340.42
3187496,235.88,593.55
109771,497.98,726.86
109772,479.24,691.96
109773,735.27,285.0
109774,156.13,487.94
109776,681.34,442.33
109777,412.65,403.32
88308,514.37,662.16
85631,504.65,706.13
3189783,695.04,421.7
218133,295.75,270.63
218132,532.06,160.06
134730,522.83,453.12
134731,312.8,390.56
134732,498.51,534.77
134733,308.38,369.55
134734,357.33,502.44
134735,625.56,572.26
134736,386.46,390.38
134737,677.53,251.6
134738,427.63,280.27
134739,741.18,464.34
2811847,688.26,505.01
2811846,801.08,527.32
2811845,297.44,411.39
2811849,702.73,272.87
2811848,572.64,704.79
111627,472.51,335.68
111626,554.76,261.14
111625,746.96,385.28
111623,257.88,382.61
111622,840.25,369.51
111621,362.55,620.09
111620,492.37,538.47
111628,717.79,521.46
92834,670.22,446.11
110289,643.76,287.26
802772,817.02,357.77
802770,573.13,320.16
802771,724.56,580.86
105132,556.99,511.93
94828,681.51,551.48
118286,585.17,615.78
118288,521.81,456.05
109578,526.82,697.17
109579,728.53,512.65
112393,534.12,429.46
142888,349.22,368.8
100240,573.14,560.98
117841,510.84,409.96
117843,862.31,324.5
117842,494.99,354.92
117845,436.39,408.89
117847,735.87,648.36
799995,507.89,499.61
2680591,733.17,599.21
2680590,553.18,443.41
799991,667.93,526.39
799990,644.52,532.52
142885,587.25,531.99
1087895,504.66,377.48
1087897,545.21,755.2
147531,401.04,355.8
2621050,290.0,1060
137739,601.89,416.91
145629,370.55,417.38
109688,771.3,225.78
111188,523.34,455.94
111189,468.4,722.76
111186,755.86,368.58
111187,415.14,616.94
111184,512.52,717.13
111185,766.5,543.22
110581,559.41,503.72
110583,493.18,549.24
110582,322.77,676.76
110587,720.76,618.77
110589,691.32,483.98
110588,668.67,676.16
118131,777.23,307.19
118132,431.73,331.37
118133,619.77,495.48
118134,460.9,533.4
118136,626.81,407.88
118139,625.2,631.13
616808,228.11,348.55
616807,881.15,325.63
107439,705.21,431.39
112091,495.84,691.98
112090,734.54,696.52
112092,534.78,327.4
112095,893.77,443.24
112097,491.84,498.06
112096,748.76,313.15
799983,269.81,388.27
109949,533.59,657.15
109940,461.91,497.06
109946,777.16,254.23
103438,434.85,573.37
111847,569.41,572.41
111846,452.47,464.76
111844,446.56,651.14
111843,318.54,450.26
111842,359.99,513.56
111840,418.07,347.86
799989,605.78,279.3
98173,349.33,757.68
93322,644.23,385.97
625711,702.88,260.34
625710,247.09,261.64
94238,544.79,519.35
150541,726.47,630.83
150542,484.24,173.37
150544,612.45,575.35
118031,501.72,409.51
118030,749.9,427.14
118033,585.02,429.58
118032,310.29,473.72
118037,527.7,454.5
118036,885.15,502.12
118039,282.32,486.0
118038,577.53,511.88
121170,644.58,543.43
121171,771.76,564.66
121172,812.05,204.98
121173,462.76,147.21
106935,660.3,566.36
112443,672.25,695.05
104649,631.98,591.39
105511,424.31,486.05
112114,658.62,563.39
112115,380.23,279.92
112116,693.41,523.09
112119,759.69,319.05
111363,647.31,659.8
111365,453.32,412.16
110178,379.59,658.64
110175,604.56,350.14
110170,608.67,645.2
110171,656.05,724.76
110173,682.02,570.44
88661,609.22,549.36
102402,515.18,693.94
102407,674.71,400.39
118208,672.3,659.31
118206,689.3,237.64
118205,641.31,304.46
118202,633.68,278.18
118203,621.57,455.4
112464,893.42,429.81
112465,521.48,389.32
112466,395.4,425.48
112460,415.1,445.85
112461,399.23,468.24
92423,327.44,565.3
110435,433.77,628.86
110434,653.24,495.53
110436,380.99,675.28
110433,654.56,496.11
110432,656.67,504.51
110439,525.08,699.22
110438,583.88,683.45
101887,604.8,533.84
109210,239.64,739.47
109216,577.6,473.94
820897,654.93,247.54
820896,706.58,265.05
820895,720.58,207.0
2654278,565.09,415.61
2654277,791.39,236.75
219105,687.88,522.66
109218,595.04,530.93
93112,568.84,607.55
112705,771.83,262.17
112704,513.75,288.47
112706,409.08,378.08
112701,522.96,415.78
112703,580.47,666.18
112709,475.27,331.29
112708,381.74,386.67
110733,564.22,655.97
92722,675.22,710.7
101864,537.74,504.95
149288,469.75,396.09
111103,581.64,320.04
111106,289.53,734.13
111107,455.88,218.34
111105,828.24,436.63
111108,306.28,476.41
111109,546.53,501.94
118428,618.3,462.63
118429,225.27,424.31
118426,517.68,411.02
118427,731.79,589.66
118424,650.9,344.76
118425,749.53,289.99
118423,239.49,610.69
118421,429.17,471.2
105766,589.75,473.16
90897,610.78,477.36
867657,366.78,648.47
106440,509.37,543.16
109322,178.93,817.64
145840,808.31,693.36
145841,544.05,295.02
145846,590.14,46.84
145847,180.71,279.26
145844,273.89,278.73
145845,243.57,570.72
118086,877.82,435.28
130154,511.56,489.62
130155,593.08,509.92
130156,509.6,529.22
130150,698.67,417.05
130151,713.6,647.09
130152,654.33,317.92
130153,650.03,607.97
130158,609.3,671.47
130159,733.11,228.53
110038,857.2,381.51
110030,471.9,667.02
110033,505.41,498.3
622303,978.58,438.72
219731,802.39,595.75
219732,573.25,615.57
219734,674.82,542.13
219735,664.39,565.48
109895,692.41,351.89
109894,665.64,192.27
109897,427.09,461.85
109893,679.99,372.74
96819,517.21,520.07
112833,655.13,446.42
112830,347.04,366.93
112836,698.74,636.49
112835,474.7,261.84
111713,635.57,328.0
111712,431.83,376.64
111710,426.46,207.07
111717,767.45,285.44
111715,500.33,628.45
111719,577.09,431.73
111772,366.26,408.6
111779,811.8,362.49
111778,539.0,568.14
117922,365.97,387.47
117923,716.33,250.92
117921,672.24,605.21
117926,421.71,414.88
117927,533.95,515.02
117924,686.44,687.51
117925,655.29,213.94
117928,321.01,561.25
110048,370.74,521.53
110049,791.51,475.3
145793,570.07,296.44
105594,665.28,302.82
112198,351.61,468.4
112199,358.09,453.45
112194,694.52,633.9
112195,678.38,548.29
112196,491.2,211.34
112197,237.95,511.0
108751,636.03,548.55
108284,453.08,438.22
108283,452.01,504.77
108281,679.28,470.69
814956,655.37,235.16
106761,664.07,555.17
799760,307.05,230.38
109488,499.8,693.2
109489,521.89,345.69
109481,393.62,366.14
109486,739.36,519.34
109487,208.26,641.12
105866,388.72,624.08
95118,536.91,697.64
110904,663.93,634.67
110901,834.12,499.5
145658,575.27,529.1
2769807,647.46,253.13
2769806,310.84,506.59
85330,523.51,489.7
85797,424.26,600.81
89350,431.46,729.96
90336,637.31,440.59
111696,404.08,616.62
111697,348.43,735.14
111693,323.07,347.07
111690,634.48,504.86
111691,250.44,488.05
2959744,391.81,356.34
111698,272.61,479.72
105659,696.84,388.88
205788,582.57,288.42
205789,740.92,601.39
92203,510.51,743.84
107729,805.61,483.39
112787,588.99,593.36
112786,649.37,491.69
112781,725.33,652.09
112780,654.12,295.7
112783,254.49,339.32
112782,556.75,406.01
109837,734.35,602.89
109836,679.36,573.92
109835,530.03,711.93
109834,487.27,437.3
109833,476.15,584.52
109832,717.27,660.81
109831,725.69,633.39
109838,544.77,264.13
867645,124.49,348.22
867644,242.82,303.35
3158927,495.93,748.29
149702,660.81,482.0
145757,312.1,173.86
145754,518.37,390.5
145755,720.16,377.04
145752,398.98,223.76
145753,466.14,597.65
145750,354.65,603.32
145751,348.85,355.62
1236300,724.35,403.68
145759,620.96,208.45
101764,666.75,465.76
111168,480.47,434.62
111169,734.02,299.58
110957,512.49,603.19
2659300,343.85,613.53
2659301,703.16,572.24
813020,573.36,678.04
110638,528.34,671.7
3204918,352.01,294.14
2679557,821.59,574.39
2679556,467.02,306.42
118329,545.19,512.41
118328,687.85,300.8
118324,602.03,256.42
118327,399.98,646.67
118326,929.84,512.4
118321,698.88,633.48
118320,604.9,169.61
118323,493.38,512.82
118322,300.0,1060
3162143,368.59,431.83
99506,825.03,421.8
110699,446.07,464.06
110698,577.42,410.47
110691,629.93,739.04
110690,426.34,424.3
110693,681.36,290.91
110692,687.85,326.02
110695,409.2,519.4
110694,597.96,404.92
110697,633.71,604.68
111223,441.93,588.62
111222,458.45,393.7
111221,412.81,441.81
111220,466.87,466.74
111227,506.96,552.43
111226,696.74,563.64
111224,606.17,403.09
111228,726.78,387.87
110577,421.16,552.94
110578,431.93,502.65
2798228,338.87,250.97
142900,598.95,525.1
142901,780.19,574.07
105285,595.8,550.28
2654532,718.88,652.46
2654534,910.63,460.24
106641,800.57,434.53
102770,518.22,540.21
112065,397.33,699.13
112066,474.14,791.24
112067,859.53,502.73
112068,426.4,690.45
112069,715.47,487.95
108597,689.47,596.3
108598,668.02,541.35
109647,543.23,579.29
109641,606.28,647.89
109642,610.15,430.83
109643,657.49,367.96
109648,811.25,338.02
109649,713.25,654.23
103915,506.43,624.46
2675754,333.39,418.87
2675752,794.15,228.32
2675751,476.88,562.12
2675750,746.98,370.42
131145,395.24,257.48
111021,461.49,537.23
111020,738.61,436.21
111023,857.4,325.01
110779,442.38,256.15
110777,610.12,249.6
110774,478.85,575.32
110775,450.2,397.87
110772,337.22,647.87
110773,393.28,552.88
110771,517.79,458.62
3187539,310.0,1060
111798,859.36,359.34
111793,601.08,674.99
111790,377.29,448.58
111797,744.42,252.2
111796,839.25,333.63
111794,414.87,591.54
3187537,384.1,330.09
111403,473.0,497.25
112668,535.17,453.82
112669,527.41,490.19
112664,680.27,607.41
112665,401.68,307.09
112660,699.34,244.72
109402,679.36,510.83
109403,502.18,416.54
109400,857.47,366.55
109406,684.03,601.19
109404,494.32,465.14
109405,535.13,482.66
147527,472.93,265.56
147528,541.07,580.5
106989,673.23,586.79
106987,705.32,576.4
106984,402.59,496.99
110985,506.92,503.82
110984,749.54,349.79
110987,879.17,373.1
110980,601.29,577.24
110983,611.01,751.48
2797291,305.77,393.09
91598,615.16,345.44
94631,704.1,583.23
903985,639.15,373.27
147954,462.4,325.21
147952,742.14,42.78
621043,406.1,581.67
621045,668.22,184.89
110549,680.36,624.36
100079,579.31,641.36
145839,787.44,196.41
111619,828.73,245.24
111616,661.87,626.51
111617,640.26,501.8
111614,798.77,333.6
111615,725.7,406.5
111613,850.47,419.38
111610,679.99,392.87
111611,730.31,449.95
110259,763.32,287.19
110258,481.39,270.64
217604,447.81,216.36
110251,690.85,417.47
110252,229.23,540.9
110255,310.63,369.47
110254,859.21,376.14
110257,339.25,462.38
110256,724.22,334.97
112259,604.71,274.59
112258,708.07,467.36
112253,505.93,404.1
112252,518.04,411.98
112257,793.05,429.68
112256,322.44,571.53
112255,356.31,551.22
112254,593.13,321.73
112358,672.26,382.02
112353,215.9,428.63
106538,723.22,545.69
111933,755.0,328.08
111937,388.54,436.46
111936,571.5,198.94
111935,402.24,384.58
111934,719.9,251.52
111939,527.1,537.23
111938,750.34,376.58
109215,264.94,455.03
109214,691.54,606.69
109219,609.76,759.96
117831,564.98,236.02
117832,474.71,328.67
117834,492.72,709.0
117836,639.22,446.88
117837,409.78,435.43
145646,797.49,454.7
137731,331.72,496.9
137730,220.2,433.06
137733,907.74,483.12
137732,611.0,515.37
820749,932.17,478.59
137735,801.36,202.5
820748,592.36,422.71
137737,447.39,356.65
137736,716.03,391.56
820745,504.92,711.96
820744,932.68,401.3
872995,649.59,256.14
872994,682.49,189.91
2811850,730.29,219.24
111876,681.89,581.95
111877,699.08,427.6
111879,637.53,590.07
145647,642.54,239.35
109396,742.56,481.0
109397,679.35,630.39
109394,752.55,292.8
109395,701.73,223.37
107978,662.86,309.61
107979,822.05,457.71
93290,539.56,496.29
102804,502.84,561.52
112356,593.54,613.16
112357,442.79,500.24
112352,700.57,293.45
109972,507.24,519.04
109976,446.2,622.11
109975,316.99,521.77
108377,815.62,444.75
108375,611.35,467.25
111874,483.44,632.62
111875,314.4,465.77
111872,744.46,369.05
111873,479.52,346.8
111871,784.51,220.62
103442,553.66,580.71
145895,715.57,255.88
145894,524.46,614.54
145897,724.96,219.27
145896,623.56,229.4
145891,311.59,347.23
145890,405.62,407.69
145892,543.58,300.87
145899,859.97,407.51
145898,209.58,369.9
109399,686.88,716.31
101590,439.01,601.48
2681535,320.0,1060
1993216,466.5,443.1
150540,623.46,435.07
118048,700.29,285.01
118049,372.9,470.14
118040,584.74,548.48
118044,578.95,303.73
145823,663.09,232.55
112888,578.07,311.17
112889,422.3,508.85
112883,566.53,498.96
112881,669.21,562.63
112887,621.07,607.43
112884,535.03,535.77
112885,405.27,690.22
799994,228.29,551.44
93127,546.29,740.22
93124,545.17,782.51
799993,671.93,573.0
799992,709.55,148.52
106290,655.04,525.8
118296,612.76,270.62
118290,514.65,461.01
106127,581.18,546.78
112146,842.85,367.07
112145,463.47,363.73
112143,420.6,529.97
112142,715.62,381.9
112141,677.0,659.85
112140,489.17,601.85
91358,515.43,723.72
108497,693.72,501.85
109723,573.42,503.76
109722,685.14,609.71
109721,594.83,560.56
109720,346.66,670.74
109727,613.31,619.74
109725,532.61,433.31
109724,494.21,407.57
109729,634.42,509.99
109728,524.01,464.65
127909,259.55,468.87
127908,721.88,533.28
127903,616.4,252.31
127902,745.43,517.27
127901,348.94,192.79
127900,490.14,383.54
127907,228.67,600.55
127906,371.71,260.71
127905,513.26,576.57
127904,542.69,671.48
100567,809.8,483.28
100385,498.96,441.93
110047,638.26,745.66
1330164,330.0,1060
106576,609.45,582.39
110329,412.28,712.27
110127,818.79,541.54
110126,731.2,520.55
110129,662.39,448.8
110128,855.67,485.56
2655498,300.71,317.8
1528394,656.97,452.71
799971,251.78,482.32
799976,602.79,289.08
2788684,294.46,338.23
109520,542.53,493.86
109523,612.76,539.57
109522,843.88,458.18
109525,708.41,518.7
109524,471.21,589.64
109527,605.06,312.46
109526,650.24,246.16
109529,690.77,521.03
109528,532.51,545.25
97760,461.07,618.57
112437,270.35,383.14
112436,640.51,569.92
112435,479.96,247.88
112434,440.39,334.38
112432,593.11,269.08
112439,441.72,631.55
109299,464.69,411.09
109298,581.99,498.75
109293,340.4,655.06
109292,701.37,345.92
109291,684.97,605.32
109290,204.0,620.7
109297,575.53,684.01
109296,573.25,520.5
109295,228.64,599.6
109294,376.72,614.17
107260,777.12,374.07
107262,792.33,473.04
145798,433.19,150.16
145799,523.11,298.27
2645422,536.64,466.91
2645421,164.72,325.04
107841,707.23,557.21
99884,535.46,636.28
103170,703.02,450.67
145682,0.0,350.57
145652,443.78,251.36
110780,514.54,752.51
110787,383.0,449.47
110786,592.09,393.47
110789,570.92,623.07
903979,466.09,470.57
145684,629.14,622.75
1859075,375.74,551.5
145685,122.04,489.07
111965,333.33,372.26
111966,439.48,434.37
111159,547.61,620.62
111158,413.4,731.77
111157,778.6,343.02
111151,692.14,285.7
111150,422.95,468.27
111152,650.37,291.83
903975,761.71,546.49
903977,858.15,419.17
110688,603.03,765.45
110689,722.81,645.81
110687,259.61,502.41
111487,590.46,518.11
111484,573.57,662.51
111483,469.65,556.38
111482,254.57,570.25
111481,598.67,425.4
111480,644.46,528.06
111488,691.58,599.81
110351,921.27,540.82
110352,603.28,339.33
110353,634.49,366.83
110358,271.62,505.83
145687,563.98,233.0
105751,698.62,495.78
213504,239.33,412.6
109314,570.19,528.56
109312,805.11,545.08
109310,755.16,308.45
109311,841.34,486.22
142880,723.83,198.51
100136,372.27,710.19
145815,571.41,297.16
145814,887.6,464.9
145817,662.34,335.31
145816,475.87,266.79
145811,284.02,291.74
145810,642.85,508.56
145813,647.45,665.28
2620701,609.19,639.77
218451,471.75,316.93
218456,265.1,540.64
218457,603.3,259.41
111730,509.11,277.91
111732,566.63,474.21
111735,708.74,459.96
111737,554.59,611.17
111736,537.0,577.35
142895,656.25,698.3
142897,751.49,338.33
142892,376.14,530.36
142893,531.52,687.65
2783506,407.76,583.85
112803,525.16,625.88
112800,518.59,432.92
112807,732.88,362.54
112805,539.75,497.79
112808,702.07,353.95
1992738,670.04,261.45
111728,733.48,326.36
111722,552.72,456.39
111723,589.83,668.59
111720,541.67,540.64
111721,616.93,409.04
111726,721.8,339.44
111727,673.43,330.2
111724,795.58,336.96
111725,720.85,319.78
205316,680.3,245.85
105091,614.28,527.59
3216389,562.63,585.99
218667,729.26,621.46
105547,695.59,545.29
3203656,584.13,600.9
3203657,214.85,510.96
3203655,855.34,838.1
218666,292.47,485.88
145668,160.05,586.81
145669,812.74,501.8
109101,616.46,454.24
92032,800.69,371.02
2680437,152.1,482.9
2680438,256.76,449.0
2680439,867.39,487.01
219510,417.88,539.68
89329,586.19,682.32
103518,411.34,595.06
118253,360.36,415.9
118257,553.48,636.83
145655,304.05,337.99
97242,701.91,376.45
111397,747.81,461.97
111399,442.75,689.97
111398,510.71,767.16
2679834,331.92,453.33
2679835,459.29,365.01
180910,340.0,1060
110440,725.12,593.67
110441,397.19,555.3
110442,370.1,543.29
110443,558.29,629.54
104532,663.34,526.44
106000,709.95,597.22
106008,597.07,547.47
2812210,602.1,411.97
91559,499.66,748.37
109809,733.45,525.36
109806,471.32,308.45
109805,647.04,679.65
112774,656.02,562.19
112775,721.92,353.15
112776,364.37,375.91
112777,389.88,549.03
112771,708.61,331.41
112773,698.23,294.34
112778,422.28,264.8
112779,717.88,583.27
110658,489.69,331.91
110655,415.3,417.82
110654,468.17,556.83
110657,614.02,426.33
110653,444.72,747.77
623843,344.54,629.27
92076,604.98,628.11
118471,326.6,428.77
118470,230.2,491.53
118473,808.14,182.32
118472,187.92,687.0
118475,346.03,357.73
118474,937.51,520.38
118477,284.24,338.39
118476,739.25,707.06
118479,656.63,251.76
118478,715.35,361.57
145671,323.24,409.54
145670,846.56,432.95
145673,276.36,597.26
145672,635.01,619.89
145677,466.02,368.48
145676,782.08,304.56
110600,577.53,593.72
3197746,615.62,539.88
99687,485.97,562.83
112572,719.09,634.2
112573,638.4,348.0
112570,667.16,461.96
112574,310.38,366.83
112575,358.15,353.07
112578,353.81,451.0
112579,855.91,470.39
111218,438.28,560.92
111219,516.13,436.1
111213,497.91,696.85
111211,511.77,476.08
111216,443.06,582.15
111214,809.45,391.7
111215,496.14,593.68
2795279,374.61,696.35
2795278,866.77,424.81
104709,766.91,452.86
3195444,340.57,714.42
1087948,576.51,326.2
149649,405.03,358.39
109618,550.8,560.04
109617,832.01,593.73
109616,379.92,650.32
109615,508.91,696.02
109612,584.93,573.79
109611,675.12,440.29
109610,509.36,596.18
103944,427.23,453.04
623142,223.96,416.8
623143,720.38,202.97
623144,862.64,360.2
623145,517.1,213.9
2769438,661.8,227.22
2769439,182.61,371.95
111051,762.73,334.64
111052,468.67,316.72
111054,421.15,311.84
111056,451.94,540.27
111057,892.8,477.62
1759,937.24,97.82
1758,738.02,165.45
1757,764.87,187.89
1755,950.41,398.77
1754,633.16,261.97
1753,417.64,308.1
1752,632.63,589.87
1751,515.52,333.3
110017,434.78,334.93
110016,249.17,437.87
110015,732.76,646.81
110018,376.92,635.02
118387,600.23,471.02
118385,669.67,603.32
118126,455.66,276.08
118380,694.07,403.76
624280,575.08,207.07
105018,540.71,496.47
149287,685.61,214.98
110509,642.54,592.23
110508,559.79,427.72
110505,732.85,552.98
110506,687.1,460.48
798510,594.7,249.25
798511,362.48,478.95
798512,749.43,446.6
109455,390.42,486.47
109454,320.75,212.99
109456,416.01,464.03
109450,660.91,602.45
799969,390.55,428.62
109187,702.64,554.93
109186,727.46,434.62
109183,358.65,558.71
109182,342.62,606.72
109181,779.48,370.05
145918,654.24,446.58
145919,797.36,662.04
145911,819.27,443.28
145912,866.94,466.02
145915,445.86,264.69
145916,639.21,121.5
145917,499.37,421.39
110976,881.23,521.89
110977,564.5,469.93
110973,786.34,499.42
110978,514.44,459.98
110979,854.33,497.3
616357,784.3,164.89
98441,727.6,378.34
100929,685.95,435.57
100926,583.27,531.57
101031,697.36,405.81
104009,497.43,628.89
85451,463.67,525.87
107084,717.85,392.29
89656,629.71,511.01
103597,700.54,364.63
932061,592.17,550.33
145865,482.59,248.88
112920,673.0,448.72
112923,475.65,436.76
112922,642.13,265.27
112924,692.51,462.2
112927,505.3,532.2
112926,354.32,499.75
112929,384.91,622.31
112928,646.69,272.1
145861,423.26,220.3
145863,423.41,86.25
2781925,456.24,388.39
110190,326.32,616.15
110221,445.41,430.01
110222,456.32,725.32
110223,713.58,350.2
110224,727.85,589.65
110225,610.47,486.28
110226,518.37,412.56
110228,610.58,482.58
110229,501.97,778.54
106087,604.61,468.71
102353,501.56,558.33
112263,484.8,262.05
112261,470.43,415.53
112266,448.87,423.82
112264,453.61,318.11
112268,648.74,598.43
112269,671.94,232.36
2758569,114.8,358.27
112486,631.15,607.65
112487,784.52,287.0
112484,557.38,529.62
112485,695.45,293.35
112482,675.61,474.92
112481,700.23,479.15
112488,874.55,411.87
112489,787.39,392.55
104769,806.05,461.91
94515,687.59,233.24
94648,650.88,539.42
111909,293.59,663.82
111901,284.38,566.85
145709,413.13,295.22
145708,597.32,323.23
109220,512.66,276.62
109221,768.05,441.7
109224,645.89,500.56
109225,546.03,233.95
85267,452.09,589.63
85131,520.45,623.37
3187211,822.13,646.75
803269,350.0,1060
803268,636.81,548.19
108898,778.05,419.8
3203624,265.59,524.42
118358,628.11,108.49
118359,623.36,230.28
118354,928.63,529.36
118355,226.12,641.75
118356,564.27,247.3
118357,695.58,224.88
118351,721.57,194.17
118352,943.91,539.02
118353,610.71,585.21
2959739,432.09,555.61
111292,303.35,495.58
111293,385.35,496.93
111290,458.29,402.46
111296,431.06,264.12
111297,381.47,464.46
111294,840.01,521.68
111299,421.07,529.82
212970,491.49,377.4
111437,419.52,562.55
111434,633.71,586.06
111435,378.13,505.35
111432,507.27,597.72
111438,374.76,572.75
111439,324.61,635.44
110520,450.11,520.67
110527,354.51,540.0
110525,769.81,457.21
110529,446.51,370.84
145680,482.25,655.12
96127,564.9,694.49
145681,466.81,197.79
96129,638.08,332.87
112389,584.58,525.18
112388,747.96,332.28
112384,868.79,468.78
145686,767.23,660.76
109929,420.68,647.66
109928,672.79,375.97
109925,795.15,439.66
109924,569.02,618.34
109927,477.67,726.48
109921,683.29,529.42
109923,507.46,521.62
109922,684.37,320.1
112030,538.66,538.13
112037,725.51,598.13
112034,238.4,335.31
112039,422.25,620.21
112038,730.31,347.45
137748,606.85,428.7
137749,645.76,365.89
108341,715.55,492.82
109695,602.56,321.17
103490,736.56,584.67
109692,537.42,460.71
109690,760.52,526.87
109699,832.1,349.9
109698,681.76,344.51
122254,473.16,499.33
122255,474.11,222.27
122256,487.27,321.97
122257,350.85,328.94
122250,360.0,1060
122251,730.88,255.05
122252,597.54,608.72
122253,438.58,395.46
122258,668.25,269.57
122259,428.46,449.18
94508,623.93,505.05
110720,384.88,427.45
1991670,603.66,104.76
110099,665.56,573.55
110098,586.62,507.97
110093,643.24,361.41
110092,384.36,404.09
110091,554.81,378.22
110097,528.46,517.02
110096,820.64,449.23
110094,602.11,339.91
118093,613.04,550.15
118091,444.16,348.45
118097,606.89,606.15
118096,466.19,581.03
118098,683.58,367.04
111739,376.28,544.28
111738,693.7,506.96
145221,614.04,524.65
112631,888.16,480.27
112632,481.37,510.68
112635,685.93,638.75
112634,637.91,498.3
112637,677.17,310.69
112636,406.13,551.78
112639,362.03,414.39
104623,669.14,566.33
108990,547.79,502.22
106170,598.99,462.43
102662,550.85,579.69
112176,563.16,519.8
112174,389.22,521.64
112175,848.45,513.06
112173,563.57,413.51
112171,655.29,786.81
111474,433.12,358.31
111475,487.17,235.5
109718,653.53,471.51
109712,629.35,388.19
109710,635.97,525.58
109711,505.92,602.97
109716,488.03,573.92
109717,685.0,322.74
109714,850.99,474.66
109715,453.33,612.6
127930,860.65,182.65
142879,425.8,434.7
134752,763.09,722.62
134750,221.36,441.19
134751,252.17,576.19
2655597,400.13,280.71
2655591,327.3,411.13
2655590,510.31,210.44
2781444,370.0,1060
2781442,358.78,417.65
94863,661.16,750.61
110118,796.96,539.43
110119,847.92,492.74
110116,494.89,456.69
110117,841.6,375.68
110115,374.63,547.91
110112,383.92,464.43
110113,650.04,429.38
110111,412.8,510.95
145703,359.28,493.39
108609,651.45,539.18
108608,632.72,490.42
108605,704.39,351.91
112404,684.52,579.34
112405,320.58,404.32
112402,366.73,563.43
112403,473.05,454.65
112400,712.31,338.03
111982,550.93,515.53
111983,443.4,303.45
111980,454.31,534.24
111986,711.31,262.32
111987,385.1,538.45
111984,376.98,383.36
111985,694.59,611.17
145781,843.03,355.93
145780,689.1,309.76
145783,613.06,540.62
145785,791.46,375.86
145784,545.51,312.16
145786,799.66,264.6
145789,357.51,355.86
111929,531.87,346.65
145120,382.17,381.48
145122,679.77,271.65
117863,811.59,367.36
117862,620.72,396.55
117861,618.9,605.88
117866,409.43,224.94
117865,342.46,466.83
117864,608.06,396.0
117869,626.02,577.35
109201,679.33,232.16
2650505,305.71,490.08
91705,427.09,632.19
100708,702.5,532.16
145723,394.42,81.83
145722,641.12,320.04
145724,453.33,416.81
110831,435.79,473.78
110832,795.26,423.72
118480,299.31,498.18
118481,352.22,461.19
118482,530.97,380.8
118483,509.03,280.95
118484,403.08,526.92
118485,316.11,544.78
118486,422.34,240.03
118487,546.03,302.64
118488,347.21,434.38
118489,333.18,343.66
118158,477.55,445.5
118159,346.32,339.54
118150,504.28,291.91
118151,521.05,375.3
118157,531.88,226.33
118155,650.33,372.0
107411,622.47,447.0
112301,511.09,646.0
112303,585.29,202.42
112302,520.4,522.22
112305,498.0,523.61
112304,673.42,599.92
112307,710.66,579.0
112308,639.64,247.39
102167,551.72,566.39
111829,672.29,271.97
111828,453.91,676.51
111820,422.42,589.52
111823,857.9,439.82
111822,712.39,375.21
111824,598.21,668.28
111827,559.06,454.5
111826,718.11,672.25
178907,863.59,227.62
145704,579.02,583.89
93234,838.51,427.66
91256,637.48,558.84
813289,308.84,325.03
130139,300.73,563.56
104135,624.49,447.01
110783,545.71,623.29
3181481,440.68,328.03
3181482,348.64,532.78
103352,532.47,513.82
103355,698.99,567.33
118019,543.34,297.45
118011,533.8,507.49
118010,383.43,585.26
118015,643.79,304.24
118014,344.47,328.58
109884,563.37,584.07
109882,414.87,448.36
109880,348.78,612.06
109881,589.75,492.5
112854,412.19,366.27
112857,460.11,454.8
112850,642.67,640.24
117984,361.14,358.25
117985,471.87,267.22
117987,659.47,329.85
117980,492.81,284.76
117982,755.54,352.72
111777,349.19,602.33
109438,754.26,344.18
109436,440.35,618.2
106249,639.94,584.65
1991588,416.68,753.7
105573,531.3,460.34
1447389,380.0,1060
108263,596.11,498.55
145635,529.95,346.78
145634,353.38,280.21
145637,465.21,232.73
145636,429.0,357.48
145631,665.26,269.32
145630,670.74,571.27
145633,720.04,296.19
145632,771.97,327.36
145639,749.06,190.84
145638,603.87,264.56
109136,699.06,489.67
109137,702.59,508.71
109134,468.23,588.13
109135,472.34,807.1
109132,656.19,554.58
109133,708.03,434.01
109130,780.33,414.11
109131,642.48,677.75
902769,297.59,501.41
146554,423.2,432.42
146552,584.91,443.69
218677,390.0,1060
89268,547.74,681.83
89266,662.41,505.91
118228,565.29,389.6
118229,311.97,581.27
118224,527.27,273.18
118226,577.41,637.26
118227,552.13,296.24
106850,619.65,578.36
110419,355.62,303.6
110418,691.59,662.26
110417,373.11,435.75
110416,400.22,372.88
110414,632.1,174.63
110413,633.27,227.82
104545,647.92,495.67
799970,479.48,531.42
2790213,418.01,539.05
799972,565.72,320.24
799975,775.07,439.14
799974,400.0,1060
799977,323.28,562.25
799979,453.48,338.71
799978,610.75,563.14
142874,378.17,510.0
142875,538.5,277.02
112728,675.35,270.19
112726,771.25,301.83
112725,522.02,429.43
112724,385.91,436.66
142878,798.84,505.55
2808292,656.13,471.66
2620702,807.15,494.76
2620703,570.61,324.96
2620700,334.48,231.08
2620704,681.69,261.05
2620705,210.24,355.04
103870,696.27,550.1
103875,629.86,495.81
103877,670.3,433.59
88804,628.1,304.92
1088006,602.41,548.68
1088003,697.25,546.71
111121,511.1,399.42
111122,497.87,655.95
111123,455.54,253.85
110656,619.0,635.71
110652,415.73,701.55
118408,260.48,624.29
118409,350.86,133.52
217288,233.45,496.94
118400,454.07,422.7
118401,612.1,319.98
118402,710.57,604.55
118403,811.83,600.41
118404,366.73,639.87
118405,902.29,476.15
118406,437.98,623.23
118407,541.65,574.17
110384,379.45,312.6
110382,719.38,332.43
110381,446.24,276.99
110380,589.55,581.8
217514,553.9,165.44
217515,441.85,493.72
118389,599.98,178.77
118388,263.29,591.21
118386,708.56,653.78
118384,666.03,604.35
118383,278.18,667.3
118382,655.71,672.03
118381,619.56,296.97
112529,449.28,313.81
112524,784.51,237.08
112527,446.63,303.59
112520,563.5,381.89
112522,400.97,259.96
145720,724.61,196.56
109341,490.86,287.66
109343,545.4,267.27
109345,526.68,203.75
109344,503.39,670.56
109349,657.21,498.58
109348,358.59,304.35
111245,681.76,649.14
111244,515.51,641.41
111241,650.59,508.78
111240,307.3,509.89
111242,205.21,492.03
111249,721.12,418.0
111248,643.08,571.63
145868,384.98,358.11
145869,584.98,157.48
145864,414.21,249.55
145866,601.99,301.88
145867,748.58,479.14
145860,690.04,384.49
145862,450.97,742.74
94410,781.14,410.68
145625,560.79,402.05
108578,598.65,458.31
109626,346.18,464.82
109627,633.32,460.65
109624,768.56,394.64
109625,541.13,415.78
109622,737.97,333.45
109623,667.81,422.08
109621,564.15,484.62
109628,396.92,564.22
145653,647.57,516.37
111413,533.52,425.31
117908,180.59,482.64
117905,748.44,441.16
117906,546.9,342.6
117907,295.04,448.68
117900,466.91,406.47
117902,393.37,427.9
110029,627.13,509.44
110022,471.81,420.37
110023,619.47,640.05
110020,577.53,552.25
110027,388.15,628.54
98330,588.05,702.02
145292,402.8,266.23
145656,355.73,464.55
215412,326.57,501.11
2812588,673.44,349.6
110929,485.91,294.17
110928,313.97,501.68
110927,503.27,618.08
110926,699.94,474.75
110925,626.82,692.35
110923,396.03,535.51
110921,730.92,412.53
205720,325.59,391.78
99906,454.76,610.87
219098,351.95,500.38
96205,553.66,618.84
103099,422.12,615.11
